<?xml version="1.0" encoding="UTF-8"?>
<feature
      id="org.jkiss.dbeaver.ui.feature"
      label="%featureName"
      version="21.1.1.202106210824"
      provider-name="%providerName">

   <description>
      %description
   </description>

   <copyright>
      %copyright
   </copyright>

   <includes
         id="org.jkiss.dbeaver.runtime.feature"
         version="21.1.1.202106210824"/>

   <requires>
      <import plugin="org.eclipse.core.expressions" version="0.0.0" match="greaterOrEqual"/>
      <import plugin="org.eclipse.ui" version="0.0.0" match="greaterOrEqual"/>
      <import plugin="org.eclipse.ui.workbench" version="0.0.0" match="greaterOrEqual"/>
      <import plugin="org.eclipse.ui.workbench.texteditor" version="0.0.0" match="greaterOrEqual"/>
      <import plugin="org.eclipse.swt" version="0.0.0" match="greaterOrEqual"/>
      <import plugin="org.eclipse.jface" version="0.0.0" match="greaterOrEqual"/>
      <import plugin="org.eclipse.jface.text" version="0.0.0" match="greaterOrEqual"/>
      <import plugin="org.eclipse.ui.views" version="0.0.0" match="greaterOrEqual"/>
      <import plugin="org.eclipse.search" version="0.0.0" match="greaterOrEqual"/>
      <import plugin="org.eclipse.draw2d" version="0.0.0" match="greaterOrEqual"/>
      <import plugin="org.eclipse.gef" version="0.0.0" match="greaterOrEqual"/>
   </requires>

   <plugin
         id="org.jkiss.dbeaver.core"
         download-size="592"
         install-size="1584"
         version="21.1.1.202106210824"
         unpack="false"/>

   <plugin
         id="org.jkiss.dbeaver.net.ssh.ui"
         download-size="25"
         install-size="50"
         version="1.0.80.202106210824"
         unpack="false"/>

   <plugin
         id="org.jkiss.dbeaver.ui"
         download-size="1007"
         install-size="1654"
         version="5.1.74.202106210824"
         unpack="false"/>

   <plugin
         id="org.jkiss.dbeaver.ui.editors.acl"
         download-size="28"
         install-size="54"
         version="1.0.55.202106210824"
         unpack="false"/>

   <plugin
         id="org.jkiss.dbeaver.ui.editors.base"
         download-size="249"
         install-size="535"
         version="1.0.59.202106210824"
         unpack="false"/>

   <plugin
         id="org.jkiss.dbeaver.ui.editors.connection"
         download-size="263"
         install-size="634"
         version="1.0.50.202106210824"
         unpack="false"/>

   <plugin
         id="org.jkiss.dbeaver.ui.editors.data"
         download-size="1223"
         install-size="2971"
         version="1.0.59.202106210824"
         unpack="false"/>

   <plugin
         id="org.jkiss.dbeaver.ui.editors.entity"
         download-size="5"
         install-size="6"
         version="1.0.59.202106210824"
         unpack="false"/>

   <plugin
         id="org.jkiss.dbeaver.ui.editors.hex"
         download-size="161"
         install-size="321"
         version="1.0.59.202106210824"
         unpack="false"/>

   <plugin
         id="org.jkiss.dbeaver.ui.editors.image"
         download-size="36"
         install-size="62"
         version="1.0.59.202106210824"
         unpack="false"/>

   <plugin
         id="org.jkiss.dbeaver.ui.editors.json"
         download-size="20"
         install-size="32"
         version="1.0.43.202106210824"
         unpack="false"/>

   <plugin
         id="org.jkiss.dbeaver.ui.editors.sql"
         download-size="788"
         install-size="1971"
         version="1.0.59.202106210824"
         unpack="false"/>

   <plugin
         id="org.jkiss.dbeaver.ui.editors.session"
         download-size="42"
         install-size="92"
         version="1.0.37.202106210824"
         unpack="false"/>

   <plugin
         id="org.jkiss.dbeaver.ui.editors.xml"
         download-size="28"
         install-size="49"
         version="1.0.59.202106210824"
         unpack="false"/>

   <plugin
         id="org.jkiss.dbeaver.ui.navigator"
         download-size="703"
         install-size="1695"
         version="1.0.59.202106210824"
         unpack="false"/>

   <plugin
         id="org.jkiss.dbeaver.ui.search"
         download-size="84"
         install-size="169"
         version="1.0.50.202106210824"
         unpack="false"/>

   <plugin
         id="org.jkiss.dbeaver.erd.ui"
         download-size="337"
         install-size="734"
         version="3.0.19.202106210824"
         unpack="false"/>

   <plugin
         id="org.jkiss.dbeaver.data.transfer.ui"
         download-size="262"
         install-size="621"
         version="1.0.43.202106210824"
         unpack="false"/>

   <plugin
         id="org.jkiss.dbeaver.data.gis.view"
         download-size="219"
         install-size="630"
         version="1.0.54.202106210824"
         unpack="false"/>

   <plugin
         id="org.jkiss.bundle.jfreechart"
         download-size="1852"
         install-size="2027"
         version="1.0.21"
         unpack="false"/>

   <plugin
         id="org.jkiss.dbeaver.ui.charts"
         download-size="21"
         install-size="38"
         version="1.0.56.202106210824"
         unpack="false"/>

</feature>
