<?xml version="1.0" encoding="UTF-8"?>
<feature
        id="org.jkiss.dbeaver.runtime.feature"
        label="%featureName"
        version="21.1.1.202106210824"
        provider-name="%providerName"
        plugin="org.jkiss.dbeaver.model">

    <description>
        %description
    </description>

    <copyright>
        %copyright
    </copyright>

    <license url="%licenseURL">
        %license
    </license>

    <requires>
        <import plugin="org.eclipse.core.runtime"/>
        <import plugin="org.eclipse.core.resources"/>
        <import plugin="org.eclipse.core.expressions"/>
    </requires>

    <plugin id="org.jkiss.utils" download-size="95" install-size="188" version="2.1.142.202106210824" unpack="false"/>
    <plugin id="org.jkiss.dbeaver.slf4j" download-size="7" install-size="13" version="2.0.29.202106210824" unpack="false"/>
    <plugin id="org.jkiss.dbeaver.model" download-size="1799" install-size="3822" version="1.0.148.202106210824" unpack="false"/>
    <plugin id="org.jkiss.dbeaver.model.sql" download-size="243" install-size="503" version="1.0.49.202106210824" unpack="false"/>
    <plugin id="org.jkiss.dbeaver.registry" download-size="411" install-size="950" version="1.0.53.202106210824" unpack="false"/>
    <plugin id="org.jkiss.dbeaver.net.ssh" download-size="54" install-size="80" version="1.0.80.202106210824" unpack="false"/>
    <plugin id="org.jkiss.dbeaver.net.ssh.jsch" download-size="17" install-size="28" version="1.1.69.202106210824" unpack="false"/>
    <plugin id="org.jkiss.dbeaver.cmp.simple" download-size="24" install-size="44" version="6.0.55.202106210824" unpack="false"/>
    <plugin id="org.jkiss.dbeaver.data.transfer" download-size="300" install-size="769" version="2.0.43.202106210824" unpack="false"/>
    <plugin id="org.jkiss.dbeaver.tasks.native" download-size="34" install-size="66" version="1.0.37.202106210824" unpack="false"/>
    <plugin id="org.jkiss.dbeaver.erd.model" download-size="50" install-size="108" version="1.0.19.202106210824" unpack="false"/>

    <!-- GIS -->
    <plugin id="org.jkiss.dbeaver.data.gis" download-size="32" install-size="60" version="1.0.83.202106210824" unpack="false"/>
    <plugin id="org.jkiss.bundle.gis" download-size="1499" install-size="1648" version="2.0.4" unpack="false"/>

    <!-- 3rd party -->
    <plugin id="com.github.jsqlparser" download-size="759" install-size="1937" version="4.1.0.20210616094048" unpack="false"/>
    <plugin id="org.apache.commons.jexl" download-size="388" install-size="840" version="3.1.0" unpack="false"/>
    <plugin id="net.sf.opencsv" download-size="19" install-size="37" version="2.3.0" unpack="false"/>
    <plugin id="com.google.gson" download-size="262" install-size="521" version="2.8.6.v20201231-1626"/>

</feature>
