-- Adminer 4.8.1 MySQL 5.5.5-10.11.8-MariaDB dump

SET NAMES utf8;
SET time_zone = '+00:00';
SET foreign_key_checks = 0;
SET sql_mode = 'NO_AUTO_VALUE_ON_ZERO';

DROP TABLE IF EXISTS `auth_group`;
CREATE TABLE `auth_group` (
  `id` int(11) NOT NULL AUTO_INCREMENT,
  `name` varchar(150) NOT NULL,
  PRIMARY KEY (`id`),
  UNIQUE KEY `name` (`name`)
) ENGINE=InnoDB DEFAULT CHARSET=utf8mb3 COLLATE=utf8mb3_general_ci;


DROP TABLE IF EXISTS `auth_group_permissions`;
CREATE TABLE `auth_group_permissions` (
  `id` int(11) NOT NULL AUTO_INCREMENT,
  `group_id` int(11) NOT NULL,
  `permission_id` int(11) NOT NULL,
  PRIMARY KEY (`id`),
  UNIQUE KEY `auth_group_permissions_group_id_permission_id_0cd325b0_uniq` (`group_id`,`permission_id`),
  KEY `auth_group_permissio_permission_id_84c5c92e_fk_auth_perm` (`permission_id`),
  CONSTRAINT `auth_group_permissio_permission_id_84c5c92e_fk_auth_perm` FOREIGN KEY (`permission_id`) REFERENCES `auth_permission` (`id`),
  CONSTRAINT `auth_group_permissions_group_id_b120cbf9_fk_auth_group_id` FOREIGN KEY (`group_id`) REFERENCES `auth_group` (`id`)
) ENGINE=InnoDB DEFAULT CHARSET=utf8mb3 COLLATE=utf8mb3_general_ci;


DROP TABLE IF EXISTS `auth_permission`;
CREATE TABLE `auth_permission` (
  `id` int(11) NOT NULL AUTO_INCREMENT,
  `name` varchar(255) NOT NULL,
  `content_type_id` int(11) NOT NULL,
  `codename` varchar(100) NOT NULL,
  PRIMARY KEY (`id`),
  UNIQUE KEY `auth_permission_content_type_id_codename_01ab375a_uniq` (`content_type_id`,`codename`),
  CONSTRAINT `auth_permission_content_type_id_2f476e4b_fk_django_co` FOREIGN KEY (`content_type_id`) REFERENCES `django_content_type` (`id`)
) ENGINE=InnoDB DEFAULT CHARSET=utf8mb3 COLLATE=utf8mb3_general_ci;

INSERT INTO `auth_permission` (`id`, `name`, `content_type_id`, `codename`) VALUES
(1,	'Can add log entry',	1,	'add_logentry'),
(2,	'Can change log entry',	1,	'change_logentry'),
(3,	'Can delete log entry',	1,	'delete_logentry'),
(4,	'Can view log entry',	1,	'view_logentry'),
(5,	'Can add permission',	2,	'add_permission'),
(6,	'Can change permission',	2,	'change_permission'),
(7,	'Can delete permission',	2,	'delete_permission'),
(8,	'Can view permission',	2,	'view_permission'),
(9,	'Can add group',	3,	'add_group'),
(10,	'Can change group',	3,	'change_group'),
(11,	'Can delete group',	3,	'delete_group'),
(12,	'Can view group',	3,	'view_group'),
(13,	'Can add user',	4,	'add_user'),
(14,	'Can change user',	4,	'change_user'),
(15,	'Can delete user',	4,	'delete_user'),
(16,	'Can view user',	4,	'view_user'),
(17,	'Can add content type',	5,	'add_contenttype'),
(18,	'Can change content type',	5,	'change_contenttype'),
(19,	'Can delete content type',	5,	'delete_contenttype'),
(20,	'Can view content type',	5,	'view_contenttype'),
(21,	'Can add session',	6,	'add_session'),
(22,	'Can change session',	6,	'change_session'),
(23,	'Can delete session',	6,	'delete_session'),
(24,	'Can view session',	6,	'view_session'),
(25,	'Can add survey',	7,	'add_survey'),
(26,	'Can change survey',	7,	'change_survey'),
(27,	'Can delete survey',	7,	'delete_survey'),
(28,	'Can view survey',	7,	'view_survey'),
(29,	'Can add answer',	8,	'add_answer'),
(30,	'Can change answer',	8,	'change_answer'),
(31,	'Can delete answer',	8,	'delete_answer'),
(32,	'Can view answer',	8,	'view_answer'),
(33,	'Can add question answer',	9,	'add_questionanswer'),
(34,	'Can change question answer',	9,	'change_questionanswer'),
(35,	'Can delete question answer',	9,	'delete_questionanswer'),
(36,	'Can view question answer',	9,	'view_questionanswer'),
(37,	'Can add choice_tbl',	10,	'add_choice_tbl'),
(38,	'Can change choice_tbl',	10,	'change_choice_tbl'),
(39,	'Can delete choice_tbl',	10,	'delete_choice_tbl'),
(40,	'Can view choice_tbl',	10,	'view_choice_tbl');

DROP TABLE IF EXISTS `auth_user`;
CREATE TABLE `auth_user` (
  `id` int(11) NOT NULL AUTO_INCREMENT,
  `password` varchar(128) NOT NULL,
  `last_login` datetime(6) DEFAULT NULL,
  `is_superuser` tinyint(1) NOT NULL,
  `username` varchar(150) NOT NULL,
  `first_name` varchar(150) NOT NULL,
  `last_name` varchar(150) NOT NULL,
  `email` varchar(254) NOT NULL,
  `is_staff` tinyint(1) NOT NULL,
  `is_active` tinyint(1) NOT NULL,
  `date_joined` datetime(6) NOT NULL,
  PRIMARY KEY (`id`),
  UNIQUE KEY `username` (`username`)
) ENGINE=InnoDB DEFAULT CHARSET=utf8mb3 COLLATE=utf8mb3_general_ci;

INSERT INTO `auth_user` (`id`, `password`, `last_login`, `is_superuser`, `username`, `first_name`, `last_name`, `email`, `is_staff`, `is_active`, `date_joined`) VALUES
(1,	'pbkdf2_sha256$390000$tVQddcZg3I8FZOb0Lg94du$El4nykVF5yaZ02i0r9M6QNdGE7t4lKEMN7PjN3nFS70=',	'2025-01-19 23:53:08.871663',	1,	'aa',	'',	'',	'a@a.com',	1,	1,	'2024-12-11 19:50:34.254385'),
(2,	'pbkdf2_sha256$390000$VosO7EWvWBiA1BS5Xp42AE$6TuY9dc456Ng0dH4WpxzPiXrBHNPdDn7ZEZZmaQAYdY=',	'2025-01-18 19:07:27.905729',	0,	'a',	'Staff',	'account',	'',	0,	1,	'2024-12-16 20:38:49.000000');

DROP TABLE IF EXISTS `auth_user_groups`;
CREATE TABLE `auth_user_groups` (
  `id` int(11) NOT NULL AUTO_INCREMENT,
  `user_id` int(11) NOT NULL,
  `group_id` int(11) NOT NULL,
  PRIMARY KEY (`id`),
  UNIQUE KEY `auth_user_groups_user_id_group_id_94350c0c_uniq` (`user_id`,`group_id`),
  KEY `auth_user_groups_group_id_97559544_fk_auth_group_id` (`group_id`),
  CONSTRAINT `auth_user_groups_group_id_97559544_fk_auth_group_id` FOREIGN KEY (`group_id`) REFERENCES `auth_group` (`id`),
  CONSTRAINT `auth_user_groups_user_id_6a12ed8b_fk_auth_user_id` FOREIGN KEY (`user_id`) REFERENCES `auth_user` (`id`)
) ENGINE=InnoDB DEFAULT CHARSET=utf8mb3 COLLATE=utf8mb3_general_ci;


DROP TABLE IF EXISTS `auth_user_user_permissions`;
CREATE TABLE `auth_user_user_permissions` (
  `id` int(11) NOT NULL AUTO_INCREMENT,
  `user_id` int(11) NOT NULL,
  `permission_id` int(11) NOT NULL,
  PRIMARY KEY (`id`),
  UNIQUE KEY `auth_user_user_permissions_user_id_permission_id_14a6b632_uniq` (`user_id`,`permission_id`),
  KEY `auth_user_user_permi_permission_id_1fbb5f2c_fk_auth_perm` (`permission_id`),
  CONSTRAINT `auth_user_user_permi_permission_id_1fbb5f2c_fk_auth_perm` FOREIGN KEY (`permission_id`) REFERENCES `auth_permission` (`id`),
  CONSTRAINT `auth_user_user_permissions_user_id_a95ead1b_fk_auth_user_id` FOREIGN KEY (`user_id`) REFERENCES `auth_user` (`id`)
) ENGINE=InnoDB DEFAULT CHARSET=utf8mb3 COLLATE=utf8mb3_general_ci;


DROP TABLE IF EXISTS `django_admin_log`;
CREATE TABLE `django_admin_log` (
  `id` int(11) NOT NULL AUTO_INCREMENT,
  `action_time` datetime(6) NOT NULL,
  `object_id` longtext DEFAULT NULL,
  `object_repr` varchar(200) NOT NULL,
  `action_flag` smallint(5) unsigned NOT NULL CHECK (`action_flag` >= 0),
  `change_message` longtext NOT NULL,
  `content_type_id` int(11) DEFAULT NULL,
  `user_id` int(11) NOT NULL,
  PRIMARY KEY (`id`),
  KEY `django_admin_log_content_type_id_c4bce8eb_fk_django_co` (`content_type_id`),
  KEY `django_admin_log_user_id_c564eba6_fk_auth_user_id` (`user_id`),
  CONSTRAINT `django_admin_log_content_type_id_c4bce8eb_fk_django_co` FOREIGN KEY (`content_type_id`) REFERENCES `django_content_type` (`id`),
  CONSTRAINT `django_admin_log_user_id_c564eba6_fk_auth_user_id` FOREIGN KEY (`user_id`) REFERENCES `auth_user` (`id`)
) ENGINE=InnoDB DEFAULT CHARSET=utf8mb3 COLLATE=utf8mb3_general_ci;

INSERT INTO `django_admin_log` (`id`, `action_time`, `object_id`, `object_repr`, `action_flag`, `change_message`, `content_type_id`, `user_id`) VALUES
(1,	'2024-12-11 20:10:51.311277',	'1',	'TPM 5150',	1,	'[{\"added\": {}}]',	7,	1),
(2,	'2024-12-11 20:11:41.328436',	'2',	'TPM 6280',	1,	'[{\"added\": {}}]',	7,	1),
(3,	'2024-12-11 20:20:23.182881',	'3',	'WHODUNTPM',	1,	'[{\"added\": {}}]',	7,	1),
(4,	'2024-12-11 20:20:45.217878',	'2',	'TPM 6280',	2,	'[{\"changed\": {\"fields\": [\"structure\"]}}]',	7,	1),
(5,	'2024-12-11 20:24:47.706788',	'4',	'Different Data Types',	1,	'[{\"added\": {}}]',	7,	1),
(6,	'2024-12-11 20:28:21.288696',	'5',	'TPM 9000',	1,	'[{\"added\": {}}]',	7,	1),
(7,	'2024-12-12 20:38:10.409100',	'6',	'Survey without ID test.',	1,	'[{\"added\": {}}]',	7,	1),
(8,	'2024-12-12 20:39:08.718266',	'6',	'Survey without ID test.',	2,	'[{\"changed\": {\"fields\": [\"structure\"]}}]',	7,	1),
(9,	'2024-12-12 20:39:48.089076',	'6',	'Survey without ID test.',	2,	'[{\"changed\": {\"fields\": [\"structure\"]}}]',	7,	1),
(10,	'2024-12-12 20:40:41.836307',	'6',	'Survey without ID test.',	2,	'[{\"changed\": {\"fields\": [\"structure\"]}}]',	7,	1),
(11,	'2024-12-12 20:41:19.143475',	'6',	'Survey without ID test.',	2,	'[{\"changed\": {\"fields\": [\"structure\"]}}]',	7,	1),
(12,	'2024-12-12 20:42:21.348161',	'6',	'Survey without ID test.',	2,	'[{\"changed\": {\"fields\": [\"structure\"]}}]',	7,	1),
(13,	'2024-12-13 20:45:05.485572',	'7',	'Customer Feedback Survey',	1,	'[{\"added\": {}}]',	7,	1),
(14,	'2024-12-16 12:48:30.503070',	'4',	'Different Data Types',	2,	'[]',	7,	1),
(15,	'2024-12-16 20:44:23.846275',	'2',	'a',	2,	'[{\"changed\": {\"fields\": [\"First name\", \"Last name\"]}}]',	4,	1),
(16,	'2024-12-17 15:28:08.686223',	'8',	'newjson',	1,	'[{\"added\": {}}]',	7,	1),
(17,	'2024-12-17 20:57:16.637839',	'8',	'newjson',	2,	'[{\"changed\": {\"fields\": [\"Structure\"]}}]',	7,	1),
(18,	'2024-12-18 16:45:18.932135',	'3',	'WHODUNTPM',	3,	'',	7,	1),
(19,	'2024-12-18 16:49:49.563418',	'8',	'newjson',	3,	'',	7,	1),
(20,	'2024-12-18 16:49:49.567145',	'7',	'Customer Feedback Survey',	3,	'',	7,	1),
(21,	'2024-12-18 16:49:49.568246',	'6',	'Survey without ID test.',	3,	'',	7,	1),
(22,	'2024-12-18 16:50:10.720042',	'4',	'Example with Different question Types',	2,	'[{\"changed\": {\"fields\": [\"Name\"]}}]',	7,	1),
(23,	'2024-12-18 17:09:34.244784',	'4',	'Example with Different question Types',	2,	'[{\"changed\": {\"fields\": [\"Structure\"]}}]',	7,	1),
(24,	'2024-12-18 17:11:22.909047',	'4',	'Example - many question types',	2,	'[{\"changed\": {\"fields\": [\"Name\"]}}]',	7,	1),
(25,	'2024-12-18 17:11:45.818963',	'4',	'Example - many question types',	2,	'[{\"changed\": {\"fields\": [\"Sort order\"]}}]',	7,	1),
(26,	'2024-12-18 18:15:07.392763',	'4',	'Example - many question types',	2,	'[{\"changed\": {\"fields\": [\"Structure\"]}}]',	7,	1),
(27,	'2024-12-18 18:15:45.277589',	'4',	'Example - many question types',	2,	'[{\"changed\": {\"fields\": [\"Structure\"]}}]',	7,	1),
(28,	'2024-12-18 18:16:25.632829',	'4',	'Example - many question types',	2,	'[{\"changed\": {\"fields\": [\"Structure\"]}}]',	7,	1),
(29,	'2024-12-18 18:17:15.572238',	'4',	'Example - many question types',	2,	'[{\"changed\": {\"fields\": [\"Structure\"]}}]',	7,	1),
(30,	'2024-12-19 15:25:44.210276',	'9',	'test',	1,	'[{\"added\": {}}]',	7,	1),
(31,	'2024-12-19 18:00:02.139837',	'1',	'yes',	1,	'[{\"added\": {}}]',	10,	1),
(32,	'2024-12-19 18:00:10.432157',	'2',	'No',	1,	'[{\"added\": {}}]',	10,	1),
(33,	'2024-12-19 20:38:10.252291',	'9',	'test lookup',	2,	'[{\"changed\": {\"fields\": [\"Name\", \"Structure\"]}}]',	7,	1),
(34,	'2024-12-19 20:38:31.134415',	'3',	'3625',	1,	'[{\"added\": {}}]',	10,	1),
(35,	'2024-12-19 20:38:47.070678',	'4',	'9058',	1,	'[{\"added\": {}}]',	10,	1),
(36,	'2024-12-19 20:38:58.131897',	'5',	'3637',	1,	'[{\"added\": {}}]',	10,	1),
(37,	'2024-12-19 20:47:48.031063',	'4',	'Example - many question types',	2,	'[{\"changed\": {\"fields\": [\"Structure\"]}}]',	7,	1),
(38,	'2024-12-19 20:50:06.752960',	'4',	'Example - many question types',	2,	'[{\"changed\": {\"fields\": [\"Structure\"]}}]',	7,	1),
(39,	'2024-12-19 20:51:41.120166',	'4',	'Example - many question types',	2,	'[{\"changed\": {\"fields\": [\"Structure\"]}}]',	7,	1),
(40,	'2025-01-10 15:16:12.122790',	'4',	'Example - many question types',	2,	'[{\"changed\": {\"fields\": [\"Structure\"]}}]',	7,	1),
(41,	'2025-01-13 15:17:38.722540',	'10',	'Test 6760 P-Chart 200%',	1,	'[{\"added\": {}}]',	7,	1),
(42,	'2025-01-13 15:41:44.318306',	'10',	'Test 6760 P-Chart 200%',	2,	'[]',	7,	1),
(43,	'2025-01-13 15:47:01.381454',	'10',	'Test 6760 P-Chart 200%',	2,	'[]',	7,	1),
(44,	'2025-01-13 15:47:17.651593',	'5',	'3637',	2,	'[]',	10,	1),
(45,	'2025-01-13 15:48:37.560845',	'10',	'Test 6760 P-Chart 200%',	2,	'[{\"changed\": {\"fields\": [\"Structure\"]}}]',	7,	1),
(46,	'2025-01-13 15:49:20.165262',	'10',	'Test 6760 P-Chart 200%',	2,	'[]',	7,	1),
(47,	'2025-01-13 15:50:38.058532',	'31',	'31',	3,	'',	8,	1),
(48,	'2025-01-13 15:50:57.720293',	'10',	'Test 6760 P-Chart 200%',	2,	'[]',	7,	1),
(49,	'2025-01-13 15:51:29.318029',	'10',	'Test 6760 P-Chart 200%',	2,	'[{\"changed\": {\"fields\": [\"Structure\"]}}]',	7,	1),
(50,	'2025-01-13 15:51:56.574117',	'10',	'Test 6760 P-Chart 200%',	2,	'[{\"changed\": {\"fields\": [\"Structure\"]}}]',	7,	1),
(51,	'2025-01-13 15:52:19.544151',	'10',	'Test 6760 P-Chart 200%',	2,	'[{\"changed\": {\"fields\": [\"Structure\"]}}]',	7,	1),
(52,	'2025-01-13 16:01:23.254063',	'10',	'Test 6760 P-Chart 200%',	2,	'[{\"changed\": {\"fields\": [\"Structure\"]}}]',	7,	1),
(53,	'2025-01-13 16:07:43.038912',	'10',	'Test 6760 P-Chart 200%',	2,	'[{\"changed\": {\"fields\": [\"Structure\"]}}]',	7,	1),
(54,	'2025-01-13 16:08:12.449333',	'10',	'Test 6760 P-Chart 200%',	2,	'[{\"changed\": {\"fields\": [\"Structure\"]}}]',	7,	1),
(55,	'2025-01-13 16:09:24.633951',	'10',	'Test 6760 P-Chart 200%',	2,	'[{\"changed\": {\"fields\": [\"Structure\"]}}]',	7,	1),
(56,	'2025-01-13 16:10:00.392311',	'10',	'Test 6760 P-Chart 200%',	2,	'[{\"changed\": {\"fields\": [\"Structure\"]}}]',	7,	1),
(57,	'2025-01-13 16:11:35.281599',	'10',	'Test 6760 P-Chart 200%',	2,	'[{\"changed\": {\"fields\": [\"Structure\"]}}]',	7,	1),
(58,	'2025-01-13 16:11:52.999750',	'10',	'Test 6760 P-Chart 200%',	2,	'[{\"changed\": {\"fields\": [\"Structure\"]}}]',	7,	1),
(59,	'2025-01-13 16:20:18.569138',	'10',	'Test 6760 P-Chart 200%',	2,	'[{\"changed\": {\"fields\": [\"Structure\"]}}]',	7,	1),
(60,	'2025-01-13 16:27:14.452886',	'10',	'Test 6760 P-Chart 200%',	2,	'[{\"changed\": {\"fields\": [\"Structure\"]}}]',	7,	1),
(61,	'2025-01-13 16:29:26.781904',	'10',	'Test 6760 P-Chart 200%',	2,	'[{\"changed\": {\"fields\": [\"Structure\"]}}]',	7,	1),
(62,	'2025-01-13 16:29:58.221040',	'10',	'Test 6760 P-Chart 200%',	2,	'[]',	7,	1),
(63,	'2025-01-13 20:12:05.065511',	'10',	'Test 6760 P-Chart 200%',	2,	'[{\"changed\": {\"fields\": [\"Structure\"]}}]',	7,	1),
(64,	'2025-01-13 20:21:24.929772',	'10',	'Test 6760 P-Chart 200%',	2,	'[{\"changed\": {\"fields\": [\"Structure\"]}}]',	7,	1),
(65,	'2025-01-14 15:37:25.012710',	'226',	'Answer to What part number are you auditing? (Survey: Example - many question types)',	2,	'[]',	9,	1),
(66,	'2025-01-15 20:01:55.977866',	'10',	'Test 6760 P-Chart 200%',	2,	'[]',	7,	1),
(67,	'2025-01-16 15:18:07.387931',	'10',	'Test 6760 P-Chart 200%',	2,	'[]',	7,	1),
(68,	'2025-01-16 15:52:20.149593',	'9',	'test lookup',	2,	'[{\"changed\": {\"fields\": [\"Structure\"]}}]',	7,	1),
(69,	'2025-01-17 14:19:46.587500',	'10',	'Test 6760 P-Chart 200%',	2,	'[{\"changed\": {\"fields\": [\"Structure\"]}}]',	7,	1),
(70,	'2025-01-17 14:22:04.613593',	'10',	'Test 6760 P-Chart 200%',	2,	'[{\"changed\": {\"fields\": [\"Structure\"]}}]',	7,	1),
(71,	'2025-01-17 14:48:24.930964',	'4',	'Example - many question types',	2,	'[]',	7,	1),
(72,	'2025-01-17 18:07:42.508497',	'6',	'mop',	1,	'[{\"added\": {}}]',	10,	1),
(73,	'2025-01-17 18:07:51.238606',	'7',	'bucket',	1,	'[{\"added\": {}}]',	10,	1),
(74,	'2025-01-17 18:08:03.375097',	'8',	'broom',	1,	'[{\"added\": {}}]',	10,	1),
(75,	'2025-01-17 18:09:55.425554',	'4',	'Example - many question types',	2,	'[{\"changed\": {\"fields\": [\"Structure\"]}}]',	7,	1),
(76,	'2025-01-17 18:10:29.298995',	'4',	'Example - many question types',	2,	'[]',	7,	1),
(77,	'2025-01-17 18:11:34.230181',	'4',	'Example - many question types',	2,	'[]',	7,	1),
(78,	'2025-01-17 18:14:49.440078',	'11',	'4545 Washer',	1,	'[{\"added\": {}}]',	7,	1);

DROP TABLE IF EXISTS `django_content_type`;
CREATE TABLE `django_content_type` (
  `id` int(11) NOT NULL AUTO_INCREMENT,
  `app_label` varchar(100) NOT NULL,
  `model` varchar(100) NOT NULL,
  PRIMARY KEY (`id`),
  UNIQUE KEY `django_content_type_app_label_model_76bd3d3b_uniq` (`app_label`,`model`)
) ENGINE=InnoDB DEFAULT CHARSET=utf8mb3 COLLATE=utf8mb3_general_ci;

INSERT INTO `django_content_type` (`id`, `app_label`, `model`) VALUES
(1,	'admin',	'logentry'),
(3,	'auth',	'group'),
(2,	'auth',	'permission'),
(4,	'auth',	'user'),
(5,	'contenttypes',	'contenttype'),
(6,	'sessions',	'session'),
(8,	'surveyapp',	'answer'),
(10,	'surveyapp',	'choice_tbl'),
(9,	'surveyapp',	'questionanswer'),
(7,	'surveyapp',	'survey');

DROP TABLE IF EXISTS `django_migrations`;
CREATE TABLE `django_migrations` (
  `id` int(11) NOT NULL AUTO_INCREMENT,
  `app` varchar(255) NOT NULL,
  `name` varchar(255) NOT NULL,
  `applied` datetime(6) NOT NULL,
  PRIMARY KEY (`id`)
) ENGINE=InnoDB DEFAULT CHARSET=utf8mb3 COLLATE=utf8mb3_general_ci;

INSERT INTO `django_migrations` (`id`, `app`, `name`, `applied`) VALUES
(1,	'contenttypes',	'0001_initial',	'2024-12-10 13:30:39.163400'),
(2,	'auth',	'0001_initial',	'2024-12-10 13:30:39.500917'),
(3,	'admin',	'0001_initial',	'2024-12-10 13:30:39.551944'),
(4,	'admin',	'0002_logentry_remove_auto_add',	'2024-12-10 13:30:39.564569'),
(5,	'admin',	'0003_logentry_add_action_flag_choices',	'2024-12-10 13:30:39.575042'),
(6,	'contenttypes',	'0002_remove_content_type_name',	'2024-12-10 13:30:39.619551'),
(7,	'auth',	'0002_alter_permission_name_max_length',	'2024-12-10 13:30:39.645911'),
(8,	'auth',	'0003_alter_user_email_max_length',	'2024-12-10 13:30:39.676001'),
(9,	'auth',	'0004_alter_user_username_opts',	'2024-12-10 13:30:39.692171'),
(10,	'auth',	'0005_alter_user_last_login_null',	'2024-12-10 13:30:39.715887'),
(11,	'auth',	'0006_require_contenttypes_0002',	'2024-12-10 13:30:39.718100'),
(12,	'auth',	'0007_alter_validators_add_error_messages',	'2024-12-10 13:30:39.729102'),
(13,	'auth',	'0008_alter_user_username_max_length',	'2024-12-10 13:30:39.751548'),
(14,	'auth',	'0009_alter_user_last_name_max_length',	'2024-12-10 13:30:39.772340'),
(15,	'auth',	'0010_alter_group_name_max_length',	'2024-12-10 13:30:39.796953'),
(16,	'auth',	'0011_update_proxy_permissions',	'2024-12-10 13:30:39.807514'),
(17,	'auth',	'0012_alter_user_first_name_max_length',	'2024-12-10 13:30:39.833584'),
(18,	'sessions',	'0001_initial',	'2024-12-10 13:30:39.855920'),
(30,	'surveyapp',	'0001_initial',	'2024-12-11 20:03:49.920355'),
(31,	'surveyapp',	'0002_answer_comment_by_admin_answer_status_by_admin_and_more',	'2024-12-12 19:52:46.360628'),
(32,	'surveyapp',	'0002_questionanswer',	'2024-12-12 20:06:55.081376'),
(33,	'surveyapp',	'0003_questionanswer_action_taken_questionanswer_issue',	'2024-12-12 20:06:55.083500'),
(34,	'surveyapp',	'0004_survey_created_at',	'2024-12-12 20:06:55.085118'),
(35,	'surveyapp',	'0005_alter_questionanswer_answer',	'2024-12-12 20:06:55.086789'),
(36,	'surveyapp',	'0006_alter_questionanswer_answer',	'2024-12-12 20:06:55.088634'),
(37,	'surveyapp',	'0007_alter_questionanswer_answer',	'2024-12-12 20:06:55.090367'),
(38,	'surveyapp',	'0008_questionanswer_response',	'2024-12-12 20:06:55.092180'),
(39,	'surveyapp',	'0009_questionanswer_comment_by_admin_and_more',	'2024-12-12 20:06:55.093713'),
(40,	'surveyapp',	'0010_answer_comment_by_admin_answer_status_by_admin',	'2024-12-12 20:06:55.096284'),
(41,	'surveyapp',	'0011_survey_cell',	'2024-12-12 20:06:55.097719'),
(42,	'surveyapp',	'0012_remove_answer_comment_by_admin_and_more',	'2024-12-12 20:08:44.037901'),
(43,	'surveyapp',	'0013_rename_submitted_at_answer_created_at_and_more',	'2024-12-16 20:20:59.103157'),
(44,	'surveyapp',	'0014_choice_tbl',	'2024-12-19 17:56:42.811685'),
(45,	'surveyapp',	'0015_alter_questionanswer_response',	'2025-01-13 20:35:26.673278');

DROP TABLE IF EXISTS `django_session`;
CREATE TABLE `django_session` (
  `session_key` varchar(40) NOT NULL,
  `session_data` longtext NOT NULL,
  `expire_date` datetime(6) NOT NULL,
  PRIMARY KEY (`session_key`),
  KEY `django_session_expire_date_a5c62663` (`expire_date`)
) ENGINE=InnoDB DEFAULT CHARSET=utf8mb3 COLLATE=utf8mb3_general_ci;

INSERT INTO `django_session` (`session_key`, `session_data`, `expire_date`) VALUES
('15e0lgc2v57ha2xyn1cf0ijg8rqtjjgy',	'.eJxVjMEOwiAQBf-FsyEFygIevfcbCLCLVA0kpT0Z_9026UGvM_Pem_mwrcVvnRY_I7syyS6_LIb0pHoIfIR6bzy1ui5z5EfCT9v51JBet7P9Oyihl30dSUuNFlTSBqJwJAIipphQjcpkaRGUtCoPxjkRhBPDjoFGCxmIwLHPF-izN40:1tVvBU:Rgu3WxMXWNmppRiFiHwYEW7PeRnWcSHEMRj8YkrSdmI',	'2139-02-10 15:50:00.934776'),
('253btl8cvplrc9c4ygip44nb9g988czu',	'.eJxVjEEOwiAQRe_C2hAGEIpL9z0DGZgZWzVtUtqV8e7apAvd_vfef6mM2zrkrfGSR1IXBer0uxWsD552QHecbrOu87QuY9G7og_adD8TP6-H-3cwYBu-tXfVuGRcV5JJJoQoNQIaAOtJLDCRi-y9qUW8UBdDVy0HFIFzsAyi3h_ARTed:1tYqgX:aa_u6gec00TvuWYK1IdbM8M7W8W0Z9JS4wD-PxTF5PU',	'2139-02-18 17:38:09.013425'),
('2wigt9mm1c6m4a86fi0a4q5cmeklkipu',	'.eJxVjEEOwiAQRe_C2pAwLQy4dO8ZyMCAVA0kpV013t026UK3_73_NuFpXYpfe5r9xOIqlLj8boHiK9UD8JPqo8nY6jJPQR6KPGmX98bpfTvdv0ChXvY3qkwG8ojIJjil42BHdhCcwSEaBEDH4BzZzAA2Wgt7ewStjUpAAOLzBccbNvw:1tXKby:VE2N-6jRU7C21epIupovAQvDnr6t1PPdbaU2QsX2dx8',	'2139-02-14 13:11:10.723980'),
('414hv34sjb3xedm13qu25phj3bytizau',	'.eJxVjDsOwjAQBe_iGln4uzElfc5g7dprHECOFCcV4u4QKQW0b2beS0Tc1hq3zkucsrgIJU6_G2F6cNtBvmO7zTLNbV0mkrsiD9rlOGd-Xg_376Bir9_aKeuKz-RI6zDYQEXZ4kCBBzCcnWEmb8FgUIH8mYlSMD6jH0zSFrR4fwDNDDdY:1tM4s6:7dZLdEsozLeSVWerMtQr-g6S4B1K-2dN0lebEZNjPtE',	'2139-01-14 12:09:18.614621'),
('5i6226g35ufbhxgow3mjh6co110ytz9y',	'.eJxVjEEOwiAQRe_C2hAGEIpL9z0DGZgZWzVtUtqV8e7apAvd_vfef6mM2zrkrfGSR1IXBer0uxWsD552QHecbrOu87QuY9G7og_adD8TP6-H-3cwYBu-tXfVuGRcV5JJJoQoNQIaAOtJLDCRi-y9qUW8UBdDVy0HFIFzsAyi3h_ARTed:1tZBlQ:nsOFL_1tUCJm1NuuIlhhpKBES54eJGh1NwIYh6txXHg',	'2139-02-19 16:08:36.037684'),
('5rgrw8vdfkdl3o55cl7fav6hplmzpjkh',	'.eJxVjEEOwiAQRe_C2hAGEIpL9z0DGZgZWzVtUtqV8e7apAvd_vfef6mM2zrkrfGSR1IXBer0uxWsD552QHecbrOu87QuY9G7og_adD8TP6-H-3cwYBu-tXfVuGRcV5JJJoQoNQIaAOtJLDCRi-y9qUW8UBdDVy0HFIFzsAyi3h_ARTed:1tYrpE:2PK7RmgN_H4r0gdCWtl_hfACSWVpkDdRJIneyHVH-oE',	'2139-02-18 18:51:12.372366'),
('9vez8udeuism9lj6z10speekkf0ikdrt',	'.eJxVjEEOwiAQRe_C2pAwLQy4dO8ZyMCAVA0kpV013t026UK3_73_NuFpXYpfe5r9xOIqlLj8boHiK9UD8JPqo8nY6jJPQR6KPGmX98bpfTvdv0ChXvY3qkwG8ojIJjil42BHdhCcwSEaBEDH4BzZzAA2Wgt7ewStjUpAAOLzBccbNvw:1tOLzh:NLCiWpM8PNK3coRhzgzops_WiRoe8sDls3BBhyVYCu0',	'2139-01-20 18:50:33.587004'),
('aeik3qyybm43f72a94xtij6q2odcj3fx',	'.eJxVjEEOwiAQRe_C2pAwLQy4dO8ZyMCAVA0kpV013t026UK3_73_NuFpXYpfe5r9xOIqlLj8boHiK9UD8JPqo8nY6jJPQR6KPGmX98bpfTvdv0ChXvY3qkwG8ojIJjil42BHdhCcwSEaBEDH4BzZzAA2Wgt7ewStjUpAAOLzBccbNvw:1tWLUz:jXUAnfZtJdXQlyR9x6FZDlsRrZwVqvt8LPHE3xCY_tc',	'2139-02-11 19:55:53.292963'),
('buvu98xk607eu22t320q9ghrzb98mx90',	'.eJxVjDsOwjAQBe_iGln4uzElfc5g7dprHECOFCcV4u4QKQW0b2beS0Tc1hq3zkucsrgIJU6_G2F6cNtBvmO7zTLNbV0mkrsiD9rlOGd-Xg_376Bir9_aKeuKz-RI6zDYQEXZ4kCBBzCcnWEmb8FgUIH8mYlSMD6jH0zSFrR4fwDNDDdY:1tLT8p:bwDuxyFscm2HcooLIQXtMnWF0iODFh7LAPNKGtDAz5k',	'2139-01-12 19:52:03.888098'),
('bv3og0omzgkxfbuyaxaed5xmklv0hoi5',	'.eJxVjEEOwiAQRe_C2hAGEIpL9z0DGZgZWzVtUtqV8e7apAvd_vfef6mM2zrkrfGSR1IXBer0uxWsD552QHecbrOu87QuY9G7og_adD8TP6-H-3cwYBu-tXfVuGRcV5JJJoQoNQIaAOtJLDCRi-y9qUW8UBdDVy0HFIFzsAyi3h_ARTed:1tZf6K:o9n5Ah7_wKJFMRttTJVsjD533EYvmV-6lK8qjTVoxCw',	'2139-02-20 23:28:08.876349'),
('bwmki0uch059yvvv4aun0kbq99wbc38e',	'.eJxVjMEOwiAQBf-FsyEFygIevfcbCLCLVA0kpT0Z_9026UGvM_Pem_mwrcVvnRY_I7syyS6_LIb0pHoIfIR6bzy1ui5z5EfCT9v51JBet7P9Oyihl30dSUuNFlTSBqJwJAIipphQjcpkaRGUtCoPxjkRhBPDjoFGCxmIwLHPF-izN40:1tXOdp:GVFQaEghuCA0z9N_uuZE3nYETc8fHav6vZjVdmDIFjU',	'2139-02-14 17:29:21.531948'),
('cq5r62lrm9mpvmg4br4ccm6hvn9cs18p',	'.eJxVjEEOwiAQRe_C2pAwLQy4dO8ZyMCAVA0kpV013t026UK3_73_NuFpXYpfe5r9xOIqlLj8boHiK9UD8JPqo8nY6jJPQR6KPGmX98bpfTvdv0ChXvY3qkwG8ojIJjil42BHdhCcwSEaBEDH4BzZzAA2Wgt7ewStjUpAAOLzBccbNvw:1tWKjK:dw7uKZIIXxHaXkMALoKYqlEx7PPc__1Cpc8F8sErzrc',	'2139-02-11 19:06:38.946775'),
('drdvyjxouvw8l5ntga327za8zy4z03u5',	'.eJxVjMEOwiAQBf-FsyEFygIevfcbCLCLVA0kpT0Z_9026UGvM_Pem_mwrcVvnRY_I7syyS6_LIb0pHoIfIR6bzy1ui5z5EfCT9v51JBet7P9Oyihl30dSUuNFlTSBqJwJAIipphQjcpkaRGUtCoPxjkRhBPDjoFGCxmIwLHPF-izN40:1tXNlQ:eE4GGWgHS-vNN1QQ6sIJh34fF4hIVB0A7sxfJU6EW4Y',	'2139-02-14 16:33:08.285114'),
('eh4u36c3t9h4z7297x2avxyamhd8w947',	'.eJxVjDsOwjAQBe_iGln4uzElfc5g7dprHECOFCcV4u4QKQW0b2beS0Tc1hq3zkucsrgIJU6_G2F6cNtBvmO7zTLNbV0mkrsiD9rlOGd-Xg_376Bir9_aKeuKz-RI6zDYQEXZ4kCBBzCcnWEmb8FgUIH8mYlSMD6jH0zSFrR4fwDNDDdY:1tNC39:u7wU4Sm3yHuzJRgDZYkhTpcm9AL9Hm1YnZNb4e5wHyw',	'2139-01-17 14:01:19.457508'),
('ejmd9lb3v5g5ppntdr2rem0xr5jz5lom',	'.eJxVjEEOwiAQRe_C2pAwLQy4dO8ZyMCAVA0kpV013t026UK3_73_NuFpXYpfe5r9xOIqlLj8boHiK9UD8JPqo8nY6jJPQR6KPGmX98bpfTvdv0ChXvY3qkwG8ojIJjil42BHdhCcwSEaBEDH4BzZzAA2Wgt7ewStjUpAAOLzBccbNvw:1tYAX3:ph_ZCBNlrPoFqrZlrFjfeuaTlSBsPH6EZhXQjndcous',	'2139-02-16 20:37:34.000061'),
('g455ysv2seqgg1ph0cuz7z5gkmi8rgxm',	'.eJxVjDsOwjAQBe_iGln4uzElfc5g7dprHECOFCcV4u4QKQW0b2beS0Tc1hq3zkucsrgIJU6_G2F6cNtBvmO7zTLNbV0mkrsiD9rlOGd-Xg_376Bir9_aKeuKz-RI6zDYQEXZ4kCBBzCcnWEmb8FgUIH8mYlSMD6jH0zSFrR4fwDNDDdY:1tNyC7:a-8vpKC_iP6wdKhV29Ud77Vo3dnIzBmKOK1tsZjoLAk',	'2139-01-19 17:25:47.151119'),
('gl6mgyqk3is4yudh1u7zv3iiaevs2dsc',	'.eJxVjDsOwjAQBe_iGln4uzElfc5g7dprHECOFCcV4u4QKQW0b2beS0Tc1hq3zkucsrgIJU6_G2F6cNtBvmO7zTLNbV0mkrsiD9rlOGd-Xg_376Bir9_aKeuKz-RI6zDYQEXZ4kCBBzCcnWEmb8FgUIH8mYlSMD6jH0zSFrR4fwDNDDdY:1tNdmN:oCoY-dJ4-ERmxT4NWg-3XeCqZmcfAIwq4UJZuvmBfHs',	'2139-01-18 19:37:51.991177'),
('hjbvf6wbfbbpbat3syxv8vepu3daoz5e',	'.eJxVjMEOwiAQBf-FsyEFygIevfcbCLCLVA0kpT0Z_9026UGvM_Pem_mwrcVvnRY_I7syyS6_LIb0pHoIfIR6bzy1ui5z5EfCT9v51JBet7P9Oyihl30dSUuNFlTSBqJwJAIipphQjcpkaRGUtCoPxjkRhBPDjoFGCxmIwLHPF-izN40:1tY7t3:itrvxPH1ArvqPkAdO5vsRXwwYm92XtKuIB74Ud-48a0',	'2139-02-16 17:48:05.781514'),
('i0r2a66quwgwag4uvv63ti3goonospur',	'.eJxVjEEOwiAQRe_C2pAwLQy4dO8ZyMCAVA0kpV013t026UK3_73_NuFpXYpfe5r9xOIqlLj8boHiK9UD8JPqo8nY6jJPQR6KPGmX98bpfTvdv0ChXvY3qkwG8ojIJjil42BHdhCcwSEaBEDH4BzZzAA2Wgt7ewStjUpAAOLzBccbNvw:1tXM3G:YL8etyBoW3Egb-xx5EDrItW1As5TFM11874NUpc9UmE',	'2139-02-14 14:43:26.435281'),
('ift0jxmbzgl2smbcudg9lutik94ch8gf',	'.eJxVjDsOwjAQBe_iGln4uzElfc5g7dprHECOFCcV4u4QKQW0b2beS0Tc1hq3zkucsrgIJU6_G2F6cNtBvmO7zTLNbV0mkrsiD9rlOGd-Xg_376Bir9_aKeuKz-RI6zDYQEXZ4kCBBzCcnWEmb8FgUIH8mYlSMD6jH0zSFrR4fwDNDDdY:1tLhfi:TMms8eYlg0yngVLj7UHoDLZzGjrEi6ycQ4NFtQ-tl04',	'2139-01-13 11:22:58.661349'),
('jgpo8t87hx4ardra35qem228myplfv2k',	'.eJxVjEEOwiAQRe_C2pAwLQy4dO8ZyMCAVA0kpV013t026UK3_73_NuFpXYpfe5r9xOIqlLj8boHiK9UD8JPqo8nY6jJPQR6KPGmX98bpfTvdv0ChXvY3qkwG8ojIJjil42BHdhCcwSEaBEDH4BzZzAA2Wgt7ewStjUpAAOLzBccbNvw:1tXktW:-y-GX63hQM_90yMEza_nO2NtDboEex5YFwF-CaMbbEA',	'2139-02-15 17:15:02.076837'),
('l78e6hc9u2ppeubdzfp96hj5xg3a2fr2',	'.eJxVjEEOwiAQRe_C2pAwLQy4dO8ZyMCAVA0kpV013t026UK3_73_NuFpXYpfe5r9xOIqlLj8boHiK9UD8JPqo8nY6jJPQR6KPGmX98bpfTvdv0ChXvY3qkwG8ojIJjil42BHdhCcwSEaBEDH4BzZzAA2Wgt7ewStjUpAAOLzBccbNvw:1tWGd3:L0ulf6jSb4mIZ07zoFQvOiiYne_Mu2ICHO4FzqgLff4',	'2139-02-11 14:43:53.058122'),
('l83usj3td58gfhkncc0a3lyx7fx9v7un',	'.eJxVjEEOwiAQRe_C2pAwLQy4dO8ZyMCAVA0kpV013t026UK3_73_NuFpXYpfe5r9xOIqlLj8boHiK9UD8JPqo8nY6jJPQR6KPGmX98bpfTvdv0ChXvY3qkwG8ojIJjil42BHdhCcwSEaBEDH4BzZzAA2Wgt7ewStjUpAAOLzBccbNvw:1tXMY8:7x1q8oIQpGS0BVVTLomIdWRb1jyWgbgEBdNFJLAc4Xo',	'2139-02-14 15:15:20.366715'),
('l83xghlffmtuwjyw0lf2d9mzcc1hutif',	'.eJxVjDsOwjAQBe_iGln4uzElfc5g7dprHECOFCcV4u4QKQW0b2beS0Tc1hq3zkucsrgIJU6_G2F6cNtBvmO7zTLNbV0mkrsiD9rlOGd-Xg_376Bir9_aKeuKz-RI6zDYQEXZ4kCBBzCcnWEmb8FgUIH8mYlSMD6jH0zSFrR4fwDNDDdY:1tNAUw:hur4_efQRO_cpqsy2SFIpvk1D1YnimxmNuJPkpkt08Q',	'2139-01-17 12:21:54.544556'),
('nhsricwwun8kpa302zypkupr98yq0r6j',	'.eJxVjEEOwiAQRe_C2hAGEIpL9z0DGZgZWzVtUtqV8e7apAvd_vfef6mM2zrkrfGSR1IXBer0uxWsD552QHecbrOu87QuY9G7og_adD8TP6-H-3cwYBu-tXfVuGRcV5JJJoQoNQIaAOtJLDCRi-y9qUW8UBdDVy0HFIFzsAyi3h_ARTed:1tYrqP:b_2_HOGUBRUa_7ISWDjBy6ek1Cbqg-uIqU-PipSWjek',	'2139-02-18 18:52:25.266403'),
('np1yp0e2tbdnyhcf26vj6yftomaqzlk3',	'.eJxVjEEOwiAQRe_C2pAwLQy4dO8ZyMCAVA0kpV013t026UK3_73_NuFpXYpfe5r9xOIqlLj8boHiK9UD8JPqo8nY6jJPQR6KPGmX98bpfTvdv0ChXvY3qkwG8ojIJjil42BHdhCcwSEaBEDH4BzZzAA2Wgt7ewStjUpAAOLzBccbNvw:1tXktO:8YW7sXx7bRK5L7T90SkrRe8uzeVu0lOsPI2aMIsNBjg',	'2139-02-15 17:14:54.072988'),
('onybsf70pn5pwsgiz610pcd0bimveejo',	'.eJxVjEEOwiAQRe_C2hAGEIpL9z0DGZgZWzVtUtqV8e7apAvd_vfef6mM2zrkrfGSR1IXBer0uxWsD552QHecbrOu87QuY9G7og_adD8TP6-H-3cwYBu-tXfVuGRcV5JJJoQoNQIaAOtJLDCRi-y9qUW8UBdDVy0HFIFzsAyi3h_ARTed:1tZByK:782-40FdRD0LmMHHzNYMo7USdQSuzXI4L5XXIsmC89k',	'2139-02-19 16:21:56.700194'),
('oxu3k9rv0at3j8xa9wmet41xcbc74vb2',	'.eJxVjMEOwiAQBf-FsyEFygIevfcbCLCLVA0kpT0Z_9026UGvM_Pem_mwrcVvnRY_I7syyS6_LIb0pHoIfIR6bzy1ui5z5EfCT9v51JBet7P9Oyihl30dSUuNFlTSBqJwJAIipphQjcpkaRGUtCoPxjkRhBPDjoFGCxmIwLHPF-izN40:1tXMND:KptAAMHklotuHDxbWOE8_PHzG-G-eRbnoAwsB1iBC0M',	'2139-02-14 15:04:03.002072'),
('qssxyg950ej9n9c805ey0wmp2yc0qfqu',	'.eJxVjMEOwiAQBf-FsyEFygIevfcbCLCLVA0kpT0Z_9026UGvM_Pem_mwrcVvnRY_I7syyS6_LIb0pHoIfIR6bzy1ui5z5EfCT9v51JBet7P9Oyihl30dSUuNFlTSBqJwJAIipphQjcpkaRGUtCoPxjkRhBPDjoFGCxmIwLHPF-izN40:1tY6iY:dCC5g-huYtOnG3U2yZpBPsjDwsR45wpIYVhNxwTA9dY',	'2139-02-16 16:33:10.848044'),
('qyo1yiw3f0uy39plw9bb5emkkcbif7cn',	'.eJxVjMEOwiAQBf-FsyEFygIevfcbCLCLVA0kpT0Z_9026UGvM_Pem_mwrcVvnRY_I7syyS6_LIb0pHoIfIR6bzy1ui5z5EfCT9v51JBet7P9Oyihl30dSUuNFlTSBqJwJAIipphQjcpkaRGUtCoPxjkRhBPDjoFGCxmIwLHPF-izN40:1tXPMd:wT3qFRHx5-QH3NaXA7NkGWI-qloem9H-QGKUlmFGYqA',	'2139-02-14 18:15:39.276065'),
('rzsxh43ejfzht6fbqp9yarxuyg79wzm9',	'.eJxVjEEOwiAQRe_C2hAGEIpL9z0DGZgZWzVtUtqV8e7apAvd_vfef6mM2zrkrfGSR1IXBer0uxWsD552QHecbrOu87QuY9G7og_adD8TP6-H-3cwYBu-tXfVuGRcV5JJJoQoNQIaAOtJLDCRi-y9qUW8UBdDVy0HFIFzsAyi3h_ARTed:1tYTPd:UxdCVS740UeoJg-xrVtkKOnyxBZTI67UzXK_1LLv2qc',	'2139-02-17 16:47:09.752409'),
('s5s5ymtpzxggkin8uw56pv6rtcajamo2',	'.eJxVjDsOwjAQBe_iGln4uzElfc5g7dprHECOFCcV4u4QKQW0b2beS0Tc1hq3zkucsrgIJU6_G2F6cNtBvmO7zTLNbV0mkrsiD9rlOGd-Xg_376Bir9_aKeuKz-RI6zDYQEXZ4kCBBzCcnWEmb8FgUIH8mYlSMD6jH0zSFrR4fwDNDDdY:1tNAmS:1LpMsMQ2y62IhO8DHZsp3J7fItPLHga3dwQ-NkEy6-U',	'2139-01-17 12:40:00.847602'),
('shuxamfmqe5hwsm7zbkxhcro701prj82',	'.eJxVjEEOwiAQRe_C2pAwLQy4dO8ZyMCAVA0kpV013t026UK3_73_NuFpXYpfe5r9xOIqlLj8boHiK9UD8JPqo8nY6jJPQR6KPGmX98bpfTvdv0ChXvY3qkwG8ojIJjil42BHdhCcwSEaBEDH4BzZzAA2Wgt7ewStjUpAAOLzBccbNvw:1tUtnn:Z7vcqXQjN3Q-R3vpXzx_q0oMmzrutrX2Z15BMekCh6E',	'2139-02-07 20:09:19.955820'),
('si41uthgbxjz0an4qfhearkywa6uvfan',	'.eJxVjDsOwjAQBe_iGlm2418o6TmDtd5d4wBypDipEHeHSCmgfTPzXiLBtta0dV7SROIstDj9bhnwwW0HdId2myXObV2mLHdFHrTL60z8vBzu30GFXr81liETGI9EpJUzoSB7iNb4OAZyJZIBtoqUNjBgJu9UHCNbgGBJgxPvDwlxOIc:1tYSwp:tLS266SHyEUGZvXV9lyBwTdSUM258wSlYyIj3bL-pJY',	'2139-02-17 16:17:23.221763'),
('slrso5aur5dbcstcd361ppx5o5k61zv4',	'.eJxVjDEOwjAMAP-SGUUJcZ3AyN43VLbj0gJKpKadEH9HlTrAene6txloW6dha7oMczZXczanX8YkTy27yA8q92qllnWZ2e6JPWyzfc36uh3t32CiNu1bhxEFvXKI0oWOJQCyRIwu5cvIDmEMNIJoQiWS2EXO6r0DgETJm88X2_430g:1tNeV5:PI2jgPHVioLpzddb38TnyKERzmbxoI7Ns3E7mUHoCYc',	'2139-01-18 20:24:03.171970'),
('uvjuvt4zxj2hq8abud9mnb4hir3d4au5',	'.eJxVjDsOwjAQBe_iGln4uzElfc5g7dprHECOFCcV4u4QKQW0b2beS0Tc1hq3zkucsrgIJU6_G2F6cNtBvmO7zTLNbV0mkrsiD9rlOGd-Xg_376Bir9_aKeuKz-RI6zDYQEXZ4kCBBzCcnWEmb8FgUIH8mYlSMD6jH0zSFrR4fwDNDDdY:1tNZbC:wjWO3IlKwYsJi_yhbPTXL3zoFlrOKlgFxIt7-MRzxXA',	'2139-01-18 15:10:02.730825'),
('v81ayf3rbt2bfd7mni9195r69a743h90',	'.eJxVjEEOwiAQRe_C2hAGEIpL9z0DGZgZWzVtUtqV8e7apAvd_vfef6mM2zrkrfGSR1IXBer0uxWsD552QHecbrOu87QuY9G7og_adD8TP6-H-3cwYBu-tXfVuGRcV5JJJoQoNQIaAOtJLDCRi-y9qUW8UBdDVy0HFIFzsAyi3h_ARTed:1tYs05:zZgyf-LkbUwcq_cQjCGfK5ni3xCT4zBJDEvk5MMNFCI',	'2139-02-18 19:02:25.070699'),
('vjk5dj3wfwhy16izrhtu9dngcupbl0sn',	'.eJxVjEEOwiAQRe_C2hAGEIpL9z0DGZgZWzVtUtqV8e7apAvd_vfef6mM2zrkrfGSR1IXBer0uxWsD552QHecbrOu87QuY9G7og_adD8TP6-H-3cwYBu-tXfVuGRcV5JJJoQoNQIaAOtJLDCRi-y9qUW8UBdDVy0HFIFzsAyi3h_ARTed:1tZK4m:8QoNYetVwWWnHLtQ5M6uvIpy6IbTFzm-8f-Tj7yjj6c',	'2139-02-20 01:01:08.165207'),
('wap34cg5fh8mlzpp1limfwpuewjp3506',	'.eJxVjMEOwiAQBf-FsyEFygIevfcbCLCLVA0kpT0Z_9026UGvM_Pem_mwrcVvnRY_I7syyS6_LIb0pHoIfIR6bzy1ui5z5EfCT9v51JBet7P9Oyihl30dSUuNFlTSBqJwJAIipphQjcpkaRGUtCoPxjkRhBPDjoFGCxmIwLHPF-izN40:1tY4X9:kRwHoBSiylqfgiPUjRGkzcaUCMOQdY8SaoCVaw-piGs',	'2139-02-16 14:13:15.287829'),
('wyepcgjy3xcxonsct8q7cpes1qt2zdyc',	'.eJxVjEEOwiAQRe_C2pAwLQy4dO8ZyMCAVA0kpV013t026UK3_73_NuFpXYpfe5r9xOIqlLj8boHiK9UD8JPqo8nY6jJPQR6KPGmX98bpfTvdv0ChXvY3qkwG8ojIJjil42BHdhCcwSEaBEDH4BzZzAA2Wgt7ewStjUpAAOLzBccbNvw:1tXnTz:5mhsa2U1yxv_Eo97ou77aVYK7fBYjVgJVIod9hrGdI0',	'2139-02-15 20:00:51.453433'),
('wz6c9lr8kqf72uorw4y0bhae1u959xh2',	'.eJxVjEEOwiAQRe_C2pAwLQy4dO8ZyMCAVA0kpV013t026UK3_73_NuFpXYpfe5r9xOIqlLj8boHiK9UD8JPqo8nY6jJPQR6KPGmX98bpfTvdv0ChXvY3qkwG8ojIJjil42BHdhCcwSEaBEDH4BzZzAA2Wgt7ewStjUpAAOLzBccbNvw:1tONFU:BoBGRpoOZ-1j_zJ1pIWAASRxfybMboZMc0U2c-22_wM',	'2139-01-20 20:10:56.897961'),
('y8w8e5f3cxlq794454wetml36m3605ej',	'.eJxVjEEOwiAQRe_C2hAGEIpL9z0DGZgZWzVtUtqV8e7apAvd_vfef6mM2zrkrfGSR1IXBer0uxWsD552QHecbrOu87QuY9G7og_adD8TP6-H-3cwYBu-tXfVuGRcV5JJJoQoNQIaAOtJLDCRi-y9qUW8UBdDVy0HFIFzsAyi3h_ARTed:1tYmyX:8pX-gNaiiwQHPKZtg1RPjDJEFpOs_V-ejr1Ei0d1KN4',	'2139-02-18 13:40:29.671551'),
('zsn212cxar4e64x8u8sgr03tx2k194z5',	'.eJxVjEEOwiAQRe_C2pAwLQy4dO8ZyMCAVA0kpV013t026UK3_73_NuFpXYpfe5r9xOIqlLj8boHiK9UD8JPqo8nY6jJPQR6KPGmX98bpfTvdv0ChXvY3qkwG8ojIJjil42BHdhCcwSEaBEDH4BzZzAA2Wgt7ewStjUpAAOLzBccbNvw:1tWGpC:J0fEU8ZbTcCJoP8RdqXrfCGqnB5EmDUZ38KHMuuz9GY',	'2139-02-11 14:56:26.312175'),
('zzlgwov0twy9tg2mpvgiv93ilvtac61d',	'.eJxVjDsOwjAQBe_iGln4uzElfc5g7dprHECOFCcV4u4QKQW0b2beS0Tc1hq3zkucsrgIJU6_G2F6cNtBvmO7zTLNbV0mkrsiD9rlOGd-Xg_376Bir9_aKeuKz-RI6zDYQEXZ4kCBBzCcnWEmb8FgUIH8mYlSMD6jH0zSFrR4fwDNDDdY:1tNyXF:ftJOhSqb06zaulwQM3CBy91cQ0l-9egR_LAmlUkV1hQ',	'2139-01-19 17:47:37.392777');

SET NAMES utf8mb4;

DROP TABLE IF EXISTS `surveyapp_answer`;
CREATE TABLE `surveyapp_answer` (
  `id` bigint(20) NOT NULL AUTO_INCREMENT,
  `response_data` longtext CHARACTER SET utf8mb4 COLLATE utf8mb4_bin NOT NULL CHECK (json_valid(`response_data`)),
  `created_at` datetime(6) NOT NULL,
  `survey_id` bigint(20) NOT NULL,
  `active_status` int(11) NOT NULL,
  `sort_order` int(11) NOT NULL,
  `updated_at` datetime(6) NOT NULL,
  `user_id` int(11) NOT NULL,
  PRIMARY KEY (`id`),
  KEY `surveyapp_answer_survey_id_f5260dbb_fk_surveyapp_survey_id` (`survey_id`),
  KEY `surveyapp_answer_user_id_8a8149c0_fk_auth_user_id` (`user_id`),
  CONSTRAINT `surveyapp_answer_survey_id_f5260dbb_fk_surveyapp_survey_id` FOREIGN KEY (`survey_id`) REFERENCES `surveyapp_survey` (`id`),
  CONSTRAINT `surveyapp_answer_user_id_8a8149c0_fk_auth_user_id` FOREIGN KEY (`user_id`) REFERENCES `auth_user` (`id`)
) ENGINE=InnoDB DEFAULT CHARSET=utf8mb3 COLLATE=utf8mb3_general_ci;

INSERT INTO `surveyapp_answer` (`id`, `response_data`, `created_at`, `survey_id`, `active_status`, `sort_order`, `updated_at`, `user_id`) VALUES
(1,	'{\"empty_scrap_bins\": {\"answer\": \"Yes\", \"issue\": null, \"action_taken\": null}, \"no_items_under_tables\": {\"answer\": \"Yes\", \"issue\": null, \"action_taken\": null}, \"oil_skimmer_verification\": {\"answer\": \"Yes\", \"issue\": null, \"action_taken\": null}, \"lockout_e_stop\": {\"answer\": \"Yes\", \"issue\": null, \"action_taken\": null}, \"conveyor_guard_check\": {\"answer\": \"Yes\", \"issue\": null, \"action_taken\": null}, \"leak_verification\": {\"answer\": \"Yes\", \"issue\": null, \"action_taken\": null}, \"mop_washer_area\": {\"answer\": \"Yes\", \"issue\": null, \"action_taken\": null}, \"wipe_blow_off\": {\"answer\": \"Yes\", \"issue\": null, \"action_taken\": null}, \"clean_blow_off_stage\": {\"answer\": \"Yes\", \"issue\": null, \"action_taken\": null}, \"change_bag_filter\": {\"answer\": \"Yes\", \"issue\": null, \"action_taken\": null}, \"measure_brush_length\": {\"answer\": \"Yes\", \"issue\": null, \"action_taken\": null}, \"pump_pressure_check\": {\"answer\": \"Yes\", \"issue\": null, \"action_taken\": null}, \"check_wash_rinse_temperature\": {\"answer\": \"Yes\", \"issue\": null, \"action_taken\": null}, \"change_rinse_pre_filter\": {\"answer\": \"Yes\", \"issue\": null, \"action_taken\": null}, \"change_wash_pre_filter\": {\"answer\": \"Yes\", \"issue\": null, \"action_taken\": null}, \"rinse_wash_sections\": {\"answer\": \"Yes\", \"issue\": null, \"action_taken\": null}, \"clean_mesh_filters\": {\"answer\": \"Yes\", \"issue\": null, \"action_taken\": null}, \"change_motor_filters\": {\"answer\": \"Yes\", \"issue\": null, \"action_taken\": null}, \"clean_blower_air_filter\": {\"answer\": \"Yes\", \"issue\": null, \"action_taken\": null}, \"check_vci_bags\": {\"answer\": \"Yes\", \"issue\": null, \"action_taken\": null}, \"check_trays\": {\"answer\": \"Yes\", \"issue\": null, \"action_taken\": null}, \"clean_downdraft_table\": {\"answer\": \"No\", \"issue\": \"asd\", \"action_taken\": \"Contacted Team Leader / Manager\"}}',	'2024-12-11 20:12:50.228538',	2,	1,	500,	'2024-12-16 20:20:58.832350',	1),
(3,	'{\"full_name\": {\"answer\": \"asd\", \"issue\": null, \"action_taken\": null}, \"age\": {\"answer\": 17, \"issue\": null, \"action_taken\": null}, \"satisfaction\": {\"answer\": \"Yes\", \"issue\": null, \"action_taken\": null}, \"skills\": {\"answer\": [\"python\"], \"issue\": null, \"action_taken\": null}, \"comments\": {\"answer\": \"\", \"issue\": null, \"action_taken\": null}}',	'2024-12-11 20:25:13.646239',	4,	1,	500,	'2024-12-16 20:20:58.832350',	1),
(4,	'{\"full_name\": {\"answer\": \"df\", \"issue\": null, \"action_taken\": null}, \"age\": {\"answer\": 21, \"issue\": null, \"action_taken\": null}, \"satisfaction\": {\"answer\": \"Yes\", \"issue\": null, \"action_taken\": null}, \"skills\": {\"answer\": [\"python\", \"java\"], \"issue\": null, \"action_taken\": null}, \"comments\": {\"answer\": \"a\\r\\nlong\\r\\nparagraph\\r\\nin \\r\\nthis box.\", \"issue\": null, \"action_taken\": null}}',	'2024-12-12 11:52:29.352437',	4,	1,	500,	'2024-12-16 20:20:58.832350',	1),
(5,	'{\"safety_guarding\": {\"answer\": \"Yes\", \"issue\": null, \"action_taken\": null}, \"electrical_cabinets\": {\"answer\": \"Yes\", \"issue\": null, \"action_taken\": null}, \"machine_windows\": {\"answer\": \"Yes\", \"issue\": null, \"action_taken\": null}, \"scrap_bins\": {\"answer\": \"Yes\", \"issue\": null, \"action_taken\": null}, \"min_max_levels\": {\"answer\": \"Yes\", \"issue\": null, \"action_taken\": null}, \"door_sensors\": {\"answer\": \"Yes\", \"issue\": null, \"action_taken\": null}, \"lock_out_placards\": {\"answer\": \"Yes\", \"issue\": null, \"action_taken\": null}, \"wipe_down\": {\"answer\": \"Yes\", \"issue\": null, \"action_taken\": null}, \"clean_workbench\": {\"answer\": \"Yes\", \"issue\": null, \"action_taken\": null}, \"leaks_contained\": {\"answer\": \"Yes\", \"issue\": null, \"action_taken\": null}, \"conveyor_alignment\": {\"answer\": \"Yes\", \"issue\": null, \"action_taken\": null}, \"nest_carriers\": {\"answer\": \"Yes\", \"issue\": null, \"action_taken\": null}, \"grind_wheel_position\": {\"answer\": \"Yes\", \"issue\": null, \"action_taken\": null}, \"conveyor_condition\": {\"answer\": \"Yes\", \"issue\": null, \"action_taken\": null}, \"cnc_settings\": {\"answer\": \"Yes\", \"issue\": null, \"action_taken\": null}, \"hydraulic_oil_level\": {\"answer\": \"Yes\", \"issue\": null, \"action_taken\": null}, \"robot_base_plate\": {\"answer\": \"Yes\", \"issue\": null, \"action_taken\": null}, \"nonconforming_parts\": {\"answer\": \"Yes\", \"issue\": null, \"action_taken\": null}, \"cbn_thickness\": {\"answer\": \"Yes\", \"issue\": null, \"action_taken\": null}, \"gauges_check\": {\"answer\": \"Yes\", \"issue\": null, \"action_taken\": null}, \"first_off_completed\": {\"answer\": \"Yes\", \"issue\": null, \"action_taken\": null}, \"documentation_availability\": {\"answer\": \"No\", \"issue\": \"qasd\", \"action_taken\": \"Contacted Team Leader / Manager\"}}',	'2024-12-12 20:15:13.181345',	1,	1,	500,	'2024-12-16 20:20:58.832350',	1),
(7,	'{\"full_name\": {\"answer\": \"asd\", \"issue\": null, \"action_taken\": null}, \"age\": {\"answer\": 19, \"issue\": null, \"action_taken\": null}, \"satisfaction\": {\"answer\": \"Yes\", \"issue\": null, \"action_taken\": null}, \"skills\": {\"answer\": [], \"issue\": null, \"action_taken\": null}, \"comments\": {\"answer\": \"\", \"issue\": null, \"action_taken\": null}}',	'2024-12-12 20:25:03.125742',	4,	1,	500,	'2024-12-16 20:20:58.832350',	1),
(11,	'{\"full_name\": {\"answer\": \"asd\", \"issue\": null, \"action_taken\": null}, \"age\": {\"answer\": 18, \"issue\": null, \"action_taken\": null}, \"satisfaction\": {\"answer\": \"Yes\", \"issue\": null, \"action_taken\": null}, \"skills\": {\"answer\": [\"java\"], \"issue\": null, \"action_taken\": null}, \"comments\": {\"answer\": \"asd\", \"issue\": null, \"action_taken\": null}}',	'2024-12-13 19:40:34.106903',	4,	1,	500,	'2024-12-16 20:20:58.832350',	1),
(14,	'{\"full_name\": {\"answer\": \"asd\", \"issue\": null, \"action_taken\": null}, \"age\": {\"answer\": 18, \"issue\": null, \"action_taken\": null}, \"satisfaction\": {\"answer\": \"Yes\", \"issue\": null, \"action_taken\": null}, \"skills\": {\"answer\": [\"java\"], \"issue\": null, \"action_taken\": null}, \"comments\": {\"answer\": \"asd\", \"issue\": null, \"action_taken\": null}}',	'2024-12-13 20:56:57.007439',	4,	1,	500,	'2024-12-16 20:20:58.832350',	1),
(15,	'{\"full_name\": {\"answer\": \"asd\", \"issue\": null, \"action_taken\": null}, \"age\": {\"answer\": 19, \"issue\": null, \"action_taken\": null}, \"satisfaction\": {\"answer\": \"No\", \"issue\": \"asd\", \"action_taken\": \"Contacted Team Leader / Manager\"}, \"skills\": {\"answer\": [\"java\"], \"issue\": null, \"action_taken\": null}, \"comments\": {\"answer\": \"adfsasdfasdf\", \"issue\": null, \"action_taken\": null}}',	'2024-12-13 20:58:10.692060',	4,	1,	500,	'2024-12-16 20:20:58.832350',	1),
(17,	'{\"safety_guarding\": {\"answer\": \"Yes\", \"issue\": null, \"action_taken\": null}, \"electrical_cabinets\": {\"answer\": \"Yes\", \"issue\": null, \"action_taken\": null}, \"machine_windows\": {\"answer\": \"Yes\", \"issue\": null, \"action_taken\": null}, \"scrap_bins\": {\"answer\": \"Yes\", \"issue\": null, \"action_taken\": null}, \"min_max_levels\": {\"answer\": \"Yes\", \"issue\": null, \"action_taken\": null}, \"door_sensors\": {\"answer\": \"Yes\", \"issue\": null, \"action_taken\": null}, \"lock_out_placards\": {\"answer\": \"Yes\", \"issue\": null, \"action_taken\": null}, \"wipe_down\": {\"answer\": \"Yes\", \"issue\": null, \"action_taken\": null}, \"clean_workbench\": {\"answer\": \"Yes\", \"issue\": null, \"action_taken\": null}, \"leaks_contained\": {\"answer\": \"Yes\", \"issue\": null, \"action_taken\": null}, \"conveyor_alignment\": {\"answer\": \"Yes\", \"issue\": null, \"action_taken\": null}, \"nest_carriers\": {\"answer\": \"Yes\", \"issue\": null, \"action_taken\": null}, \"grind_wheel_position\": {\"answer\": \"Yes\", \"issue\": null, \"action_taken\": null}, \"conveyor_condition\": {\"answer\": \"Yes\", \"issue\": null, \"action_taken\": null}, \"cnc_settings\": {\"answer\": \"Yes\", \"issue\": null, \"action_taken\": null}, \"hydraulic_oil_level\": {\"answer\": \"Yes\", \"issue\": null, \"action_taken\": null}, \"robot_base_plate\": {\"answer\": \"Yes\", \"issue\": null, \"action_taken\": null}, \"nonconforming_parts\": {\"answer\": \"Yes\", \"issue\": null, \"action_taken\": null}, \"cbn_thickness\": {\"answer\": \"Yes\", \"issue\": null, \"action_taken\": null}, \"gauges_check\": {\"answer\": \"Yes\", \"issue\": null, \"action_taken\": null}, \"first_off_completed\": {\"answer\": \"No\", \"issue\": \"asd\", \"action_taken\": \"Contacted Team Leader / Manager\"}, \"documentation_availability\": {\"answer\": \"No\", \"issue\": \"asd\", \"action_taken\": \"Contacted Team Leader / Manager\"}}',	'2024-12-16 20:54:18.155619',	1,	1,	500,	'2024-12-16 20:54:18.155483',	2),
(18,	'{\"full_name\": {\"answer\": \"a\", \"issue\": null, \"action_taken\": null}, \"age\": {\"answer\": 18, \"issue\": null, \"action_taken\": null}, \"satisfaction\": {\"answer\": \"No\", \"issue\": \"a\", \"action_taken\": \"Contacted Team Leader / Manager\"}, \"skills\": {\"answer\": [\"python\", \"java\"], \"issue\": null, \"action_taken\": null}, \"comments\": {\"answer\": \"a\\r\\naewq\\r\\nasda\\r\\na\", \"issue\": null, \"action_taken\": null}}',	'2024-12-16 20:57:41.251314',	4,	1,	500,	'2024-12-16 20:57:41.251274',	2),
(20,	'{\"safety_guarding\": {\"answer\": \"Yes\", \"issue\": null, \"action_taken\": null}, \"electrical_cabinets\": {\"answer\": \"Yes\", \"issue\": null, \"action_taken\": null}, \"machine_windows\": {\"answer\": \"Yes\", \"issue\": null, \"action_taken\": null}, \"scrap_bins\": {\"answer\": \"Yes\", \"issue\": null, \"action_taken\": null}, \"min_max_levels\": {\"answer\": \"Yes\", \"issue\": null, \"action_taken\": null}, \"door_sensors\": {\"answer\": \"Yes\", \"issue\": null, \"action_taken\": null}, \"lock_out_placards\": {\"answer\": \"Yes\", \"issue\": null, \"action_taken\": null}, \"wipe_down\": {\"answer\": \"Yes\", \"issue\": null, \"action_taken\": null}, \"clean_workbench\": {\"answer\": \"Yes\", \"issue\": null, \"action_taken\": null}, \"leaks_contained\": {\"answer\": \"Yes\", \"issue\": null, \"action_taken\": null}, \"conveyor_alignment\": {\"answer\": \"Yes\", \"issue\": null, \"action_taken\": null}, \"nest_carriers\": {\"answer\": \"Yes\", \"issue\": null, \"action_taken\": null}, \"grind_wheel_position\": {\"answer\": \"Yes\", \"issue\": null, \"action_taken\": null}, \"conveyor_condition\": {\"answer\": \"Yes\", \"issue\": null, \"action_taken\": null}, \"cnc_settings\": {\"answer\": \"Yes\", \"issue\": null, \"action_taken\": null}, \"hydraulic_oil_level\": {\"answer\": \"Yes\", \"issue\": null, \"action_taken\": null}, \"robot_base_plate\": {\"answer\": \"Yes\", \"issue\": null, \"action_taken\": null}, \"nonconforming_parts\": {\"answer\": \"Yes\", \"issue\": null, \"action_taken\": null}, \"cbn_thickness\": {\"answer\": \"Yes\", \"issue\": null, \"action_taken\": null}, \"gauges_check\": {\"answer\": \"Yes\", \"issue\": null, \"action_taken\": null}, \"first_off_completed\": {\"answer\": \"Yes\", \"issue\": null, \"action_taken\": null}, \"documentation_availability\": {\"answer\": \"No\", \"issue\": \"asd\", \"action_taken\": \"Contacted Team Leader / Manager\"}}',	'2024-12-17 20:49:29.580884',	1,	1,	500,	'2024-12-17 20:49:29.580841',	2),
(24,	'{\"full_name\": {\"answer\": \"a\", \"issue\": null, \"action_taken\": null}, \"age\": {\"answer\": 1, \"issue\": null, \"action_taken\": null}, \"satisfaction\": {\"answer\": \"red\", \"issue\": null, \"action_taken\": null}, \"skills\": {\"answer\": [], \"issue\": null, \"action_taken\": null}, \"comments\": {\"answer\": \"\", \"issue\": null, \"action_taken\": null}}',	'2024-12-18 17:10:37.555405',	4,	1,	500,	'2024-12-18 17:10:37.555366',	2),
(25,	'{\"yes_no_question\": {\"answer\": \"No\", \"issue\": \"asd\", \"action_taken\": \"Contacted Team Leader / Supervisor\"}}',	'2024-12-19 18:04:18.995864',	9,	1,	500,	'2024-12-19 18:04:18.995818',	1),
(26,	'{\"yes_no_question\": {\"answer\": \"yes\", \"issue\": null, \"action_taken\": null}, \"part1\": {\"answer\": \"9058\", \"issue\": null, \"action_taken\": null}}',	'2024-12-19 20:39:24.506654',	9,	1,	500,	'2024-12-19 20:39:24.506612',	1),
(27,	'{\"full_name\": {\"answer\": \"dg\", \"issue\": null, \"action_taken\": null}, \"satisfaction\": {\"answer\": \"No\", \"issue\": \"1\", \"action_taken\": \"Contacted Team Leader / Supervisor\"}, \"age\": {\"answer\": 3, \"issue\": null, \"action_taken\": null}, \"skills\": {\"answer\": [\"python\"], \"issue\": null, \"action_taken\": null}, \"comments\": {\"answer\": \"qwe\", \"issue\": null, \"action_taken\": null}, \"satisfaction 2\": {\"answer\": \"red\", \"issue\": null, \"action_taken\": null}, \"part1\": {\"answer\": \"9058\", \"issue\": null, \"action_taken\": null}}',	'2024-12-19 20:48:40.179940',	4,	1,	500,	'2024-12-19 20:48:40.179899',	1),
(28,	'{\"full_name\": {\"answer\": \"Brijesh\", \"issue\": null, \"action_taken\": null}, \"satisfaction\": {\"answer\": \"Yes\", \"issue\": null, \"action_taken\": null}, \"age\": {\"answer\": 99, \"issue\": null, \"action_taken\": null}, \"skills\": {\"answer\": [\"python\"], \"issue\": null, \"action_taken\": null}, \"comments\": {\"answer\": \"\", \"issue\": null, \"action_taken\": null}, \"satisfaction 2\": {\"answer\": \"green\", \"issue\": null, \"action_taken\": null}, \"part1\": {\"answer\": \"9058\", \"issue\": null, \"action_taken\": null}}',	'2025-01-10 19:15:23.786998',	4,	1,	500,	'2025-01-10 19:15:23.786952',	1),
(29,	'{\"shift\": {\"answer\": \"Day\", \"issue\": null, \"action_taken\": null}, \"part\": {\"answer\": \"10R80 Gear\", \"issue\": null, \"action_taken\": null}, \"chipteeth\": {\"answer\": 3, \"issue\": null, \"action_taken\": null}, \"clock\": {\"answer\": \"555\", \"issue\": null, \"action_taken\": null}, \"satisfaction\": {\"answer\": \"Yes\", \"issue\": null, \"action_taken\": null}, \"comments\": {\"answer\": \"\", \"issue\": null, \"action_taken\": null}}',	'2025-01-13 15:18:42.694532',	10,	1,	500,	'2025-01-13 15:18:42.694485',	1),
(30,	'{\"shift\": {\"answer\": \"Day\", \"issue\": null, \"action_taken\": null}, \"part\": {\"answer\": \"GRx Helical\", \"issue\": null, \"action_taken\": null}, \"chipteeth\": {\"answer\": 1, \"issue\": null, \"action_taken\": null}, \"clock\": {\"answer\": \"000001\", \"issue\": null, \"action_taken\": null}, \"satisfaction\": {\"answer\": \"Yes\", \"issue\": null, \"action_taken\": null}, \"comments\": {\"answer\": \"\", \"issue\": null, \"action_taken\": null}}',	'2025-01-13 15:30:54.204027',	10,	1,	500,	'2025-01-13 15:30:54.203979',	2),
(32,	'{\"shift\": {\"answer\": \"Day\", \"issue\": null, \"action_taken\": null}, \"part\": {\"answer\": \"10R80 Gear\", \"issue\": null, \"action_taken\": null}, \"chipteeth\": {\"answer\": 2, \"issue\": null, \"action_taken\": null}, \"damage\": {\"answer\": 1, \"issue\": null, \"action_taken\": null}, \"nicks\": {\"answer\": null, \"issue\": null, \"action_taken\": null}, \"missed\": {\"answer\": null, \"issue\": null, \"action_taken\": null}, \"round gear\": {\"answer\": null, \"issue\": null, \"action_taken\": null}, \"contamination\": {\"answer\": null, \"issue\": null, \"action_taken\": null}, \"cracks\": {\"answer\": null, \"issue\": null, \"action_taken\": null}, \"spline\": {\"answer\": null, \"issue\": null, \"action_taken\": null}, \"rust\": {\"answer\": null, \"issue\": null, \"action_taken\": null}, \"burrs\": {\"answer\": null, \"issue\": null, \"action_taken\": null}, \"mixed\": {\"answer\": null, \"issue\": null, \"action_taken\": null}, \"others\": {\"answer\": null, \"issue\": null, \"action_taken\": null}, \"scrap\": {\"answer\": null, \"issue\": null, \"action_taken\": null}, \"total\": {\"answer\": null, \"issue\": null, \"action_taken\": null}, \"clock\": {\"answer\": \"826\", \"issue\": null, \"action_taken\": null}, \"comments\": {\"answer\": \"\", \"issue\": null, \"action_taken\": null}}',	'2025-01-13 20:22:06.434458',	10,	1,	500,	'2025-01-13 20:22:06.434371',	1),
(33,	'{\"shift\": {\"answer\": \"Day\", \"issue\": null, \"action_taken\": null}, \"part\": {\"answer\": \"GRx Spur\", \"issue\": null, \"action_taken\": null}, \"chipteeth\": {\"answer\": 1, \"issue\": null, \"action_taken\": null}, \"damage\": {\"answer\": 1, \"issue\": null, \"action_taken\": null}, \"nicks\": {\"answer\": 1, \"issue\": null, \"action_taken\": null}, \"missed\": {\"answer\": 1, \"issue\": null, \"action_taken\": null}, \"round gear\": {\"answer\": 1, \"issue\": null, \"action_taken\": null}, \"contamination\": {\"answer\": 1, \"issue\": null, \"action_taken\": null}, \"cracks\": {\"answer\": 1, \"issue\": null, \"action_taken\": null}, \"spline\": {\"answer\": 1, \"issue\": null, \"action_taken\": null}, \"rust\": {\"answer\": 1, \"issue\": null, \"action_taken\": null}, \"burrs\": {\"answer\": 1, \"issue\": null, \"action_taken\": null}, \"mixed\": {\"answer\": 1, \"issue\": null, \"action_taken\": null}, \"others\": {\"answer\": 0, \"issue\": null, \"action_taken\": null}, \"scrap\": {\"answer\": 0, \"issue\": null, \"action_taken\": null}, \"total\": {\"answer\": 0, \"issue\": null, \"action_taken\": null}, \"clock\": {\"answer\": \"826\", \"issue\": null, \"action_taken\": null}, \"comments\": {\"answer\": \"\", \"issue\": null, \"action_taken\": null}}',	'2025-01-13 20:36:51.761959',	10,	1,	500,	'2025-01-13 20:36:51.761906',	1),
(34,	'{\"shift\": {\"answer\": \"Afternoon\", \"issue\": null, \"action_taken\": null}, \"part\": {\"answer\": \"GRx Spur\", \"issue\": null, \"action_taken\": null}, \"chipteeth\": {\"answer\": 1, \"issue\": null, \"action_taken\": null}, \"damage\": {\"answer\": null, \"issue\": null, \"action_taken\": null}, \"nicks\": {\"answer\": null, \"issue\": null, \"action_taken\": null}, \"missed\": {\"answer\": null, \"issue\": null, \"action_taken\": null}, \"round gear\": {\"answer\": null, \"issue\": null, \"action_taken\": null}, \"contamination\": {\"answer\": null, \"issue\": null, \"action_taken\": null}, \"cracks\": {\"answer\": null, \"issue\": null, \"action_taken\": null}, \"spline\": {\"answer\": null, \"issue\": null, \"action_taken\": null}, \"rust\": {\"answer\": null, \"issue\": null, \"action_taken\": null}, \"burrs\": {\"answer\": null, \"issue\": null, \"action_taken\": null}, \"mixed\": {\"answer\": null, \"issue\": null, \"action_taken\": null}, \"others\": {\"answer\": null, \"issue\": null, \"action_taken\": null}, \"scrap\": {\"answer\": null, \"issue\": null, \"action_taken\": null}, \"total\": {\"answer\": null, \"issue\": null, \"action_taken\": null}, \"clock\": {\"answer\": \"2\", \"issue\": null, \"action_taken\": null}, \"comments\": {\"answer\": \"\", \"issue\": null, \"action_taken\": null}}',	'2025-01-13 20:37:56.861247',	10,	1,	500,	'2025-01-13 20:37:56.861203',	1),
(35,	'{\"full_name\": {\"answer\": \"jj\", \"issue\": null, \"action_taken\": null}, \"satisfaction\": {\"answer\": \"No\", \"issue\": \"nothing\", \"action_taken\": \"Contacted Team Leader / Supervisor\"}, \"age\": {\"answer\": 0, \"issue\": null, \"action_taken\": null}, \"skills\": {\"answer\": [\"python\"], \"issue\": null, \"action_taken\": null}, \"comments\": {\"answer\": \"\", \"issue\": null, \"action_taken\": null}, \"satisfaction 2\": {\"answer\": \"green\", \"issue\": null, \"action_taken\": null}, \"part1\": {\"answer\": \"9058\", \"issue\": null, \"action_taken\": null}}',	'2025-01-14 15:36:59.107109',	4,	1,	500,	'2025-01-14 15:36:59.107066',	1),
(36,	'{\"safety_guarding\": {\"answer\": \"Yes\", \"issue\": null, \"action_taken\": null}, \"electrical_cabinets\": {\"answer\": \"Yes\", \"issue\": null, \"action_taken\": null}, \"machine_windows\": {\"answer\": \"Yes\", \"issue\": null, \"action_taken\": null}, \"scrap_bins\": {\"answer\": \"Yes\", \"issue\": null, \"action_taken\": null}, \"min_max_levels\": {\"answer\": \"Yes\", \"issue\": null, \"action_taken\": null}, \"door_sensors\": {\"answer\": \"Yes\", \"issue\": null, \"action_taken\": null}, \"lock_out_placards\": {\"answer\": \"Yes\", \"issue\": null, \"action_taken\": null}, \"wipe_down\": {\"answer\": \"Yes\", \"issue\": null, \"action_taken\": null}, \"clean_workbench\": {\"answer\": \"Yes\", \"issue\": null, \"action_taken\": null}, \"leaks_contained\": {\"answer\": \"Yes\", \"issue\": null, \"action_taken\": null}, \"conveyor_alignment\": {\"answer\": \"Yes\", \"issue\": null, \"action_taken\": null}, \"nest_carriers\": {\"answer\": \"Yes\", \"issue\": null, \"action_taken\": null}, \"grind_wheel_position\": {\"answer\": \"Yes\", \"issue\": null, \"action_taken\": null}, \"conveyor_condition\": {\"answer\": \"Yes\", \"issue\": null, \"action_taken\": null}, \"cnc_settings\": {\"answer\": \"Yes\", \"issue\": null, \"action_taken\": null}, \"hydraulic_oil_level\": {\"answer\": \"Yes\", \"issue\": null, \"action_taken\": null}, \"robot_base_plate\": {\"answer\": \"Yes\", \"issue\": null, \"action_taken\": null}, \"nonconforming_parts\": {\"answer\": \"Yes\", \"issue\": null, \"action_taken\": null}, \"cbn_thickness\": {\"answer\": \"Yes\", \"issue\": null, \"action_taken\": null}, \"gauges_check\": {\"answer\": \"Yes\", \"issue\": null, \"action_taken\": null}, \"first_off_completed\": {\"answer\": \"Yes\", \"issue\": null, \"action_taken\": null}, \"documentation_availability\": {\"answer\": \"Yes\", \"issue\": null, \"action_taken\": null}}',	'2025-01-15 14:41:45.681831',	1,	1,	500,	'2025-01-15 14:41:45.681790',	2),
(37,	'{\"shift\": {\"answer\": \"Day\", \"issue\": null, \"action_taken\": null}, \"part\": {\"answer\": \"10R80 Gear\", \"issue\": null, \"action_taken\": null}, \"chipteeth\": {\"answer\": 12, \"issue\": null, \"action_taken\": null}, \"damage\": {\"answer\": null, \"issue\": null, \"action_taken\": null}, \"nicks\": {\"answer\": null, \"issue\": null, \"action_taken\": null}, \"missed\": {\"answer\": null, \"issue\": null, \"action_taken\": null}, \"round gear\": {\"answer\": null, \"issue\": null, \"action_taken\": null}, \"contamination\": {\"answer\": null, \"issue\": null, \"action_taken\": null}, \"cracks\": {\"answer\": null, \"issue\": null, \"action_taken\": null}, \"spline\": {\"answer\": null, \"issue\": null, \"action_taken\": null}, \"rust\": {\"answer\": null, \"issue\": null, \"action_taken\": null}, \"burrs\": {\"answer\": null, \"issue\": null, \"action_taken\": null}, \"mixed\": {\"answer\": null, \"issue\": null, \"action_taken\": null}, \"others\": {\"answer\": null, \"issue\": null, \"action_taken\": null}, \"scrap\": {\"answer\": null, \"issue\": null, \"action_taken\": null}, \"total\": {\"answer\": 1233, \"issue\": null, \"action_taken\": null}, \"clock\": {\"answer\": \"826\", \"issue\": null, \"action_taken\": null}, \"comments\": {\"answer\": \"\", \"issue\": null, \"action_taken\": null}}',	'2025-01-17 14:06:50.136209',	10,	1,	500,	'2025-01-17 14:06:50.136164',	1),
(38,	'{\"clock\": {\"answer\": \"joes\", \"issue\": null, \"action_taken\": null}, \"total\": {\"answer\": null, \"issue\": null, \"action_taken\": null}, \"part\": {\"answer\": \"10R80 Gear\", \"issue\": null, \"action_taken\": null}, \"chipteeth\": {\"answer\": 5, \"issue\": null, \"action_taken\": null}, \"damage\": {\"answer\": null, \"issue\": null, \"action_taken\": null}, \"nicks\": {\"answer\": null, \"issue\": null, \"action_taken\": null}, \"missed\": {\"answer\": null, \"issue\": null, \"action_taken\": null}, \"round gear\": {\"answer\": null, \"issue\": null, \"action_taken\": null}, \"contamination\": {\"answer\": null, \"issue\": null, \"action_taken\": null}, \"cracks\": {\"answer\": null, \"issue\": null, \"action_taken\": null}, \"spline\": {\"answer\": null, \"issue\": null, \"action_taken\": null}, \"rust\": {\"answer\": null, \"issue\": null, \"action_taken\": null}, \"burrs\": {\"answer\": null, \"issue\": null, \"action_taken\": null}, \"mixed\": {\"answer\": null, \"issue\": null, \"action_taken\": null}, \"others\": {\"answer\": null, \"issue\": null, \"action_taken\": null}, \"scrap\": {\"answer\": null, \"issue\": null, \"action_taken\": null}, \"comments\": {\"answer\": \"\", \"issue\": null, \"action_taken\": null}}',	'2025-01-17 14:22:38.298932',	10,	1,	500,	'2025-01-17 14:22:38.298886',	1),
(39,	'{\"clock\": {\"answer\": \"826\", \"issue\": null, \"action_taken\": null}, \"total\": {\"answer\": null, \"issue\": null, \"action_taken\": null}, \"part\": {\"answer\": \"GRx Spur\", \"issue\": null, \"action_taken\": null}, \"chipteeth\": {\"answer\": null, \"issue\": null, \"action_taken\": null}, \"damage\": {\"answer\": null, \"issue\": null, \"action_taken\": null}, \"nicks\": {\"answer\": null, \"issue\": null, \"action_taken\": null}, \"missed\": {\"answer\": null, \"issue\": null, \"action_taken\": null}, \"round gear\": {\"answer\": null, \"issue\": null, \"action_taken\": null}, \"contamination\": {\"answer\": null, \"issue\": null, \"action_taken\": null}, \"cracks\": {\"answer\": null, \"issue\": null, \"action_taken\": null}, \"spline\": {\"answer\": null, \"issue\": null, \"action_taken\": null}, \"rust\": {\"answer\": null, \"issue\": null, \"action_taken\": null}, \"burrs\": {\"answer\": 1, \"issue\": null, \"action_taken\": null}, \"mixed\": {\"answer\": null, \"issue\": null, \"action_taken\": null}, \"others\": {\"answer\": null, \"issue\": null, \"action_taken\": null}, \"scrap\": {\"answer\": null, \"issue\": null, \"action_taken\": null}, \"comments\": {\"answer\": \"\", \"issue\": null, \"action_taken\": null}}',	'2025-01-17 14:25:17.226533',	10,	1,	500,	'2025-01-17 14:25:17.226489',	1),
(40,	'{\"clock\": {\"answer\": \"dg\", \"issue\": null, \"action_taken\": null}, \"total\": {\"answer\": null, \"issue\": null, \"action_taken\": null}, \"part\": {\"answer\": \"10R80 Gear\", \"issue\": null, \"action_taken\": null}, \"chipteeth\": {\"answer\": 1, \"issue\": null, \"action_taken\": null}, \"damage\": {\"answer\": null, \"issue\": null, \"action_taken\": null}, \"nicks\": {\"answer\": null, \"issue\": null, \"action_taken\": null}, \"missed\": {\"answer\": null, \"issue\": null, \"action_taken\": null}, \"round gear\": {\"answer\": null, \"issue\": null, \"action_taken\": null}, \"contamination\": {\"answer\": null, \"issue\": null, \"action_taken\": null}, \"cracks\": {\"answer\": null, \"issue\": null, \"action_taken\": null}, \"spline\": {\"answer\": null, \"issue\": null, \"action_taken\": null}, \"rust\": {\"answer\": null, \"issue\": null, \"action_taken\": null}, \"burrs\": {\"answer\": null, \"issue\": null, \"action_taken\": null}, \"mixed\": {\"answer\": null, \"issue\": null, \"action_taken\": null}, \"others\": {\"answer\": null, \"issue\": null, \"action_taken\": null}, \"scrap\": {\"answer\": null, \"issue\": null, \"action_taken\": null}, \"comments\": {\"answer\": \"\", \"issue\": null, \"action_taken\": null}}',	'2025-01-18 16:49:58.051421',	10,	1,	500,	'2025-01-18 16:49:58.051377',	1),
(41,	'{\"clock\": {\"answer\": \"dg\", \"issue\": null, \"action_taken\": null}, \"total\": {\"answer\": null, \"issue\": null, \"action_taken\": null}, \"part\": {\"answer\": \"10R80 Gear\", \"issue\": null, \"action_taken\": null}, \"chipteeth\": {\"answer\": 2, \"issue\": null, \"action_taken\": null}, \"damage\": {\"answer\": 4, \"issue\": null, \"action_taken\": null}, \"nicks\": {\"answer\": 2, \"issue\": null, \"action_taken\": null}, \"missed\": {\"answer\": null, \"issue\": null, \"action_taken\": null}, \"round gear\": {\"answer\": null, \"issue\": null, \"action_taken\": null}, \"contamination\": {\"answer\": null, \"issue\": null, \"action_taken\": null}, \"cracks\": {\"answer\": null, \"issue\": null, \"action_taken\": null}, \"spline\": {\"answer\": null, \"issue\": null, \"action_taken\": null}, \"rust\": {\"answer\": null, \"issue\": null, \"action_taken\": null}, \"burrs\": {\"answer\": null, \"issue\": null, \"action_taken\": null}, \"mixed\": {\"answer\": null, \"issue\": null, \"action_taken\": null}, \"others\": {\"answer\": null, \"issue\": null, \"action_taken\": null}, \"scrap\": {\"answer\": null, \"issue\": null, \"action_taken\": null}, \"comments\": {\"answer\": \"\", \"issue\": null, \"action_taken\": null}}',	'2025-01-18 19:08:26.724417',	10,	1,	500,	'2025-01-18 19:08:26.724349',	2);

DROP TABLE IF EXISTS `surveyapp_choice_tbl`;
CREATE TABLE `surveyapp_choice_tbl` (
  `id` bigint(20) NOT NULL AUTO_INCREMENT,
  `choice_tbl_grouping` varchar(100) NOT NULL,
  `choice_name` varchar(100) NOT NULL,
  PRIMARY KEY (`id`)
) ENGINE=InnoDB DEFAULT CHARSET=utf8mb3 COLLATE=utf8mb3_general_ci;

INSERT INTO `surveyapp_choice_tbl` (`id`, `choice_tbl_grouping`, `choice_name`) VALUES
(1,	'yesorno',	'yes'),
(2,	'yesorno',	'No'),
(3,	'part_num',	'3625'),
(4,	'part_num',	'9058'),
(5,	'part_num',	'3637'),
(6,	'5s',	'mop'),
(7,	'5s',	'bucket'),
(8,	'5s',	'broom');

DROP TABLE IF EXISTS `surveyapp_questionanswer`;
CREATE TABLE `surveyapp_questionanswer` (
  `id` bigint(20) NOT NULL AUTO_INCREMENT,
  `question_id` int(11) NOT NULL,
  `question_text` longtext NOT NULL,
  `response` varchar(21777) DEFAULT NULL,
  `issue` longtext DEFAULT NULL,
  `action_taken` longtext DEFAULT NULL,
  `created_at` datetime(6) NOT NULL,
  `status_by_admin` varchar(20) NOT NULL,
  `comment_by_admin` longtext DEFAULT NULL,
  `answer_id` bigint(20) NOT NULL,
  `survey_id` bigint(20) NOT NULL,
  `active_status` int(11) NOT NULL,
  `sort_order` int(11) NOT NULL,
  `updated_at` datetime(6) NOT NULL,
  `user_id` int(11) NOT NULL,
  PRIMARY KEY (`id`),
  KEY `surveyapp_questionan_answer_id_45df0562_fk_surveyapp` (`answer_id`),
  KEY `surveyapp_questionan_survey_id_55100bd9_fk_surveyapp` (`survey_id`),
  KEY `surveyapp_questionanswer_user_id_3cdd9ec8_fk_auth_user_id` (`user_id`),
  CONSTRAINT `surveyapp_questionan_answer_id_45df0562_fk_surveyapp` FOREIGN KEY (`answer_id`) REFERENCES `surveyapp_answer` (`id`),
  CONSTRAINT `surveyapp_questionan_survey_id_55100bd9_fk_surveyapp` FOREIGN KEY (`survey_id`) REFERENCES `surveyapp_survey` (`id`),
  CONSTRAINT `surveyapp_questionanswer_user_id_3cdd9ec8_fk_auth_user_id` FOREIGN KEY (`user_id`) REFERENCES `auth_user` (`id`)
) ENGINE=InnoDB DEFAULT CHARSET=utf8mb3 COLLATE=utf8mb3_general_ci;

INSERT INTO `surveyapp_questionanswer` (`id`, `question_id`, `question_text`, `response`, `issue`, `action_taken`, `created_at`, `status_by_admin`, `comment_by_admin`, `answer_id`, `survey_id`, `active_status`, `sort_order`, `updated_at`, `user_id`) VALUES
(1,	1,	'Empty scrap bins and garbage. Clean all gauges and tables. Use lint-free towel and alcohol to wipe down all inspection tables.',	'Yes',	NULL,	NULL,	'2024-12-11 20:12:50.230623',	'open',	NULL,	1,	2,	1,	500,	'2024-12-16 20:20:58.932504',	1),
(2,	2,	'Ensure nothing is stored under tables except gauges and supplies needed. NO cardboard, boxes, files, etc. VCI paper must be kept in BLUE plastic box.',	'Yes',	NULL,	NULL,	'2024-12-11 20:12:50.232349',	'open',	NULL,	1,	2,	1,	500,	'2024-12-16 20:20:58.932504',	1),
(3,	3,	'Empty the oil skimmer bucket and verify that the oil skimmer belt is functioning through the view window.',	'Yes',	NULL,	NULL,	'2024-12-11 20:12:50.236236',	'open',	NULL,	1,	2,	1,	500,	'2024-12-16 20:20:58.932504',	1),
(4,	4,	'Verify lockout placards are present at the machine and E-Stops located at load, unload, and on the Main Control Panel are working. Depress E-stop and attempt to power on washer. If washer powers on, notify Team Lead or Supervisor.',	'Yes',	NULL,	NULL,	'2024-12-11 20:12:50.237326',	'open',	NULL,	1,	2,	1,	500,	'2024-12-16 20:20:58.932504',	1),
(5,	5,	'Verify the conveyor is damage-free and guards are in place at load/unload. If damaged, has a Work Order been written, and has the Work Order number been recorded on the back of the TPM sheet?',	'Yes',	NULL,	NULL,	'2024-12-11 20:12:50.238506',	'open',	NULL,	1,	2,	1,	500,	'2024-12-16 20:20:58.932504',	1),
(6,	6,	'Verify any leaks are properly contained. If a leak is present, has a Maintenance Work Order been created? Record the Work Order number on the back of the sheet by the end of the shift.',	'Yes',	NULL,	NULL,	'2024-12-11 20:12:50.239720',	'open',	NULL,	1,	2,	1,	500,	'2024-12-16 20:20:58.932504',	1),
(7,	7,	'Mop the area around and behind the 6280 washer and inspection tables.',	'Yes',	NULL,	NULL,	'2024-12-11 20:12:50.240894',	'open',	NULL,	1,	2,	1,	500,	'2024-12-16 20:20:58.932504',	1),
(8,	8,	'Use a paper towel to wipe oil residue from the BLOW OFF section walls, ceiling, air knives, and rails. Then rinse the entire section, including under the conveyor belt, with a water hose.',	'Yes',	NULL,	NULL,	'2024-12-11 20:12:50.242446',	'open',	NULL,	1,	2,	1,	500,	'2024-12-16 20:20:58.932504',	1),
(9,	9,	'Clean the blow-off stage with the auto rinse function on HMI. Validate that the RO valves are in the open position.',	'Yes',	NULL,	NULL,	'2024-12-11 20:12:50.243437',	'open',	NULL,	1,	2,	1,	500,	'2024-12-16 20:20:58.932504',	1),
(10,	10,	'Change the 200um bag filter on deburr. Part # 19028.',	'Yes',	NULL,	NULL,	'2024-12-11 20:12:50.244440',	'open',	NULL,	1,	2,	1,	500,	'2024-12-16 20:20:58.932504',	1),
(11,	11,	'Measure brush length with gauge ID PG-274. If below minimum, change brushes. Ensure coolant flow to brushes and remove parts from the bottom of the deburr.',	'Yes',	NULL,	NULL,	'2024-12-11 20:12:50.245445',	'open',	NULL,	1,	2,	1,	500,	'2024-12-16 20:20:58.932504',	1),
(12,	12,	'Ensure WASH pump pressure is 28 +/- 5 PSI and RINSE pump pressure is 38 +/- 5 PSI. If pressure is low, engage maintenance to replace the cartridge filter. Record wash/rinse pressure.',	'Yes',	NULL,	NULL,	'2024-12-11 20:12:50.246389',	'open',	NULL,	1,	2,	1,	500,	'2024-12-16 20:20:58.932504',	1),
(13,	13,	'Ensure the WASH solution is at the correct temperature 50C +/- 5C and RINSE at 40C +/- 5C. Record temperature on the process control sheet.',	'Yes',	NULL,	NULL,	'2024-12-11 20:12:50.247274',	'open',	NULL,	1,	2,	1,	500,	'2024-12-16 20:20:58.932504',	1),
(14,	14,	'Change the RINSE pre-filter bag - 1-micron bag filter (EAM# 30945) once per day. Pull out the magnetic filter rod and clean any dirt using a rag.',	'Yes',	NULL,	NULL,	'2024-12-11 20:12:50.248236',	'open',	NULL,	1,	2,	1,	500,	'2024-12-16 20:20:58.932504',	1),
(15,	15,	'Change the WASH pre-filter bag - 5-micron bag filter (EAM# 30934) once per day. Pull out the magnetic filter rod and clean any dirt using a rag.',	'Yes',	NULL,	NULL,	'2024-12-11 20:12:50.249316',	'open',	NULL,	1,	2,	1,	500,	'2024-12-16 20:20:58.932504',	1),
(16,	16,	'Use a water hose to rinse any residue from the WASH section and RINSE section.',	'Yes',	NULL,	NULL,	'2024-12-11 20:12:50.250588',	'open',	NULL,	1,	2,	1,	500,	'2024-12-16 20:20:58.932504',	1),
(17,	17,	'Clean WASH and RINSE mesh filters. Ensure they are free of dirt and debris.',	'Yes',	NULL,	NULL,	'2024-12-11 20:12:50.253363',	'open',	NULL,	1,	2,	1,	500,	'2024-12-16 20:20:58.932504',	1),
(18,	18,	'Change WASH and RINSE pump motor filters.',	'Yes',	NULL,	NULL,	'2024-12-11 20:12:50.254413',	'open',	NULL,	1,	2,	1,	500,	'2024-12-16 20:20:58.932504',	1),
(19,	19,	'Clean the blower air intake filter by taking off the cover and blowing the filter and sponge with air.',	'Yes',	NULL,	NULL,	'2024-12-11 20:12:50.255467',	'open',	NULL,	1,	2,	1,	500,	'2024-12-16 20:20:58.932504',	1),
(20,	20,	'Ensure all VCI bags are in a blue chloroplast box and that the VCI sheets are inside a VCI bag. All blue chloroplast boxes should be in a green VCI bag to protect against sediment.',	'Yes',	NULL,	NULL,	'2024-12-11 20:12:50.256395',	'open',	NULL,	1,	2,	1,	500,	'2024-12-16 20:20:58.932504',	1),
(21,	21,	'Ensure trays are free of any debris and contamination. Follow procedure PM-0941-STD.',	'Yes',	NULL,	NULL,	'2024-12-11 20:12:50.257409',	'open',	NULL,	1,	2,	1,	500,	'2024-12-16 20:20:58.932504',	1),
(22,	22,	'Clean the downdraft table of any loose debris.',	'No',	'asd',	'Contacted Team Leader / Manager',	'2024-12-11 20:12:50.258491',	'open',	NULL,	1,	2,	1,	500,	'2024-12-16 20:20:58.932504',	1),
(24,	1,	'Full Name',	'asd',	NULL,	NULL,	'2024-12-11 20:25:13.648809',	'open',	NULL,	3,	4,	1,	500,	'2024-12-16 20:20:58.932504',	1),
(25,	2,	'Age',	'17',	NULL,	NULL,	'2024-12-11 20:25:13.650038',	'open',	NULL,	3,	4,	1,	500,	'2024-12-16 20:20:58.932504',	1),
(26,	3,	'Are you satisfied with the service?',	'Yes',	NULL,	NULL,	'2024-12-11 20:25:13.651214',	'open',	NULL,	3,	4,	1,	500,	'2024-12-16 20:20:58.932504',	1),
(27,	4,	'Select your skills',	'[\'python\']',	NULL,	NULL,	'2024-12-11 20:25:13.652799',	'open',	NULL,	3,	4,	1,	500,	'2024-12-16 20:20:58.932504',	1),
(28,	5,	'Additional Comments',	'',	NULL,	NULL,	'2024-12-11 20:25:13.654522',	'open',	NULL,	3,	4,	1,	500,	'2024-12-16 20:20:58.932504',	1),
(29,	1,	'Full Name',	'df',	NULL,	NULL,	'2024-12-12 11:52:29.355606',	'open',	NULL,	4,	4,	1,	500,	'2024-12-16 20:20:58.932504',	1),
(30,	2,	'Age',	'21',	NULL,	NULL,	'2024-12-12 11:52:29.357469',	'open',	NULL,	4,	4,	1,	500,	'2024-12-16 20:20:58.932504',	1),
(31,	3,	'Are you satisfied with the service?',	'Yes',	NULL,	NULL,	'2024-12-12 11:52:29.359455',	'open',	NULL,	4,	4,	1,	500,	'2024-12-16 20:20:58.932504',	1),
(32,	4,	'Select your skills',	'[\'python\', \'java\']',	NULL,	NULL,	'2024-12-12 11:52:29.360733',	'open',	NULL,	4,	4,	1,	500,	'2024-12-16 20:20:58.932504',	1),
(33,	5,	'Additional Comments',	'a\r\nlong\r\nparagraph\r\nin \r\nthis box.',	NULL,	NULL,	'2024-12-12 11:52:29.363041',	'open',	NULL,	4,	4,	1,	500,	'2024-12-16 20:20:58.932504',	1),
(34,	1,	'Is Safety Guarding in place, secure and unobstructed?',	'Yes',	NULL,	NULL,	'2024-12-12 20:15:13.183430',	'open',	NULL,	5,	1,	1,	500,	'2024-12-16 20:20:58.932504',	1),
(35,	2,	'Are electrical cabinets closed?',	'Yes',	NULL,	NULL,	'2024-12-12 20:15:13.184816',	'open',	NULL,	5,	1,	1,	500,	'2024-12-16 20:20:58.932504',	1),
(36,	3,	'Are machine windows (if applicable) secure?',	'Yes',	NULL,	NULL,	'2024-12-12 20:15:13.186058',	'open',	NULL,	5,	1,	1,	500,	'2024-12-16 20:20:58.932504',	1),
(37,	4,	'Empty all scrap bins & garbage cans. Clean the entire cell floor.',	'Yes',	NULL,	NULL,	'2024-12-12 20:15:13.187319',	'open',	NULL,	5,	1,	1,	500,	'2024-12-16 20:20:58.932504',	1),
(38,	5,	'Refill all min/max levels per inventory list, blue gloves, absorbent pads.',	'Yes',	NULL,	NULL,	'2024-12-12 20:15:13.188788',	'open',	NULL,	5,	1,	1,	500,	'2024-12-16 20:20:58.932504',	1),
(39,	6,	'Are Door sensors functioning properly? (i.e. An open door prevents machine start-up)',	'Yes',	NULL,	NULL,	'2024-12-12 20:15:13.192563',	'open',	NULL,	5,	1,	1,	500,	'2024-12-16 20:20:58.932504',	1),
(40,	7,	'Lock Out placards are posted on machine & visible?',	'Yes',	NULL,	NULL,	'2024-12-12 20:15:13.193934',	'open',	NULL,	5,	1,	1,	500,	'2024-12-16 20:20:58.932504',	1),
(41,	8,	'Wipe down 5150 grinder, front, sides and back. Wipe down 4400 deburr, inside of windows to be done during downtime.',	'Yes',	NULL,	NULL,	'2024-12-12 20:15:13.195443',	'open',	NULL,	5,	1,	1,	500,	'2024-12-16 20:20:58.932504',	1),
(42,	9,	'Clean workbench, items in designated location. Replenish all supplies, no stacked or unidentified parts.',	'Yes',	NULL,	NULL,	'2024-12-12 20:15:13.196632',	'open',	NULL,	5,	1,	1,	500,	'2024-12-16 20:20:58.932504',	1),
(43,	10,	'Are leaks contained? If present, has a Work Order (WO) been created? Record WO# on back of sheet by end of shift.',	'Yes',	NULL,	NULL,	'2024-12-12 20:15:13.197763',	'open',	NULL,	5,	1,	1,	500,	'2024-12-16 20:20:58.932504',	1),
(44,	11,	'Does the 5150 infeed conveyor need alignment? If yes, contact Team Leader or Supervisor.',	'Yes',	NULL,	NULL,	'2024-12-12 20:15:13.199101',	'open',	NULL,	5,	1,	1,	500,	'2024-12-16 20:20:58.932504',	1),
(45,	12,	'Check nests on carriers rotate freely, no excessive wear to carriers. All screws are present.',	'Yes',	NULL,	NULL,	'2024-12-12 20:15:13.201068',	'open',	NULL,	5,	1,	1,	500,	'2024-12-16 20:20:58.932504',	1),
(46,	13,	'Ensure the bottom grind wheel position is set correctly at the start of shift & after dressing wheels (30-80 microns above flush from table) as per specific part being run. Record the position.',	'Yes',	NULL,	NULL,	'2024-12-12 20:15:13.202409',	'open',	NULL,	5,	1,	1,	500,	'2024-12-16 20:20:58.932504',	1),
(47,	14,	'Check conveyors are in proper working order and free of any damage. If damaged, has a Work Order been created? Record WO# on back of sheet by end of shift.',	'Yes',	NULL,	NULL,	'2024-12-12 20:15:13.203732',	'open',	NULL,	5,	1,	1,	500,	'2024-12-16 20:20:58.932504',	1),
(48,	15,	'Verify the CNC settings are correct (see PM-0831-STD).',	'Yes',	NULL,	NULL,	'2024-12-12 20:15:13.205009',	'open',	NULL,	5,	1,	1,	500,	'2024-12-16 20:20:58.932504',	1),
(49,	16,	'Check hydraulic oil level for the Dress arm - fill if low.',	'Yes',	NULL,	NULL,	'2024-12-12 20:15:13.206183',	'open',	NULL,	5,	1,	1,	500,	'2024-12-16 20:20:58.932504',	1),
(50,	17,	'Check that the base plate on the transfer robot is firmly attached and escapement arm bearings are tight.',	'Yes',	NULL,	NULL,	'2024-12-12 20:15:13.207708',	'open',	NULL,	5,	1,	1,	500,	'2024-12-16 20:20:58.932504',	1),
(51,	18,	'No unidentified parts are in the work cell. Nonconforming product segregated from work-in-progress parts? (Ref. NCR Process PM-19-F-PRC).',	'Yes',	NULL,	NULL,	'2024-12-12 20:15:13.210100',	'open',	NULL,	5,	1,	1,	500,	'2024-12-16 20:20:58.932504',	1),
(52,	20,	'Inspect CBN thickness on both grinding wheels, verify that grooves are present. Inform T/L or Supervisor if worn.',	'Yes',	NULL,	NULL,	'2024-12-12 20:15:13.211627',	'open',	NULL,	5,	1,	1,	500,	'2024-12-16 20:20:58.932504',	1),
(53,	21,	'Verify gauges are current, up to date & damage-free.',	'Yes',	NULL,	NULL,	'2024-12-12 20:15:13.213202',	'open',	NULL,	5,	1,	1,	500,	'2024-12-16 20:20:58.932504',	1),
(54,	22,	'Ensure first off is completed & approved by Team Leader, Supervisor, and/or QA.',	'Yes',	NULL,	NULL,	'2024-12-12 20:15:13.215317',	'open',	NULL,	5,	1,	1,	500,	'2024-12-16 20:20:58.932504',	1),
(55,	23,	'Verify that Binders, SWIs, Process Check Sheets, and Standard Work Instructions are available.',	'No',	'qasd',	'Contacted Team Leader / Manager',	'2024-12-12 20:15:13.216680',	'open',	NULL,	5,	1,	1,	500,	'2024-12-16 20:20:58.932504',	1),
(57,	1,	'Full Name',	'asd',	NULL,	NULL,	'2024-12-12 20:25:03.133705',	'open',	NULL,	7,	4,	1,	500,	'2024-12-16 20:20:58.932504',	1),
(58,	2,	'Age',	'19',	NULL,	NULL,	'2024-12-12 20:25:03.140149',	'open',	NULL,	7,	4,	1,	500,	'2024-12-16 20:20:58.932504',	1),
(59,	3,	'Are you satisfied with the service?',	'Yes',	NULL,	NULL,	'2024-12-12 20:25:03.143869',	'open',	NULL,	7,	4,	1,	500,	'2024-12-16 20:20:58.932504',	1),
(60,	4,	'Select your skills',	'[]',	NULL,	NULL,	'2024-12-12 20:25:03.145194',	'open',	NULL,	7,	4,	1,	500,	'2024-12-16 20:20:58.932504',	1),
(61,	5,	'Additional Comments',	'',	NULL,	NULL,	'2024-12-12 20:25:03.146683',	'open',	NULL,	7,	4,	1,	500,	'2024-12-16 20:20:58.932504',	1),
(63,	1,	'Full Name',	'asd',	NULL,	NULL,	'2024-12-13 19:40:34.109798',	'open',	NULL,	11,	4,	1,	500,	'2024-12-16 20:20:58.932504',	1),
(64,	2,	'Age',	'18',	NULL,	NULL,	'2024-12-13 19:40:34.111877',	'open',	NULL,	11,	4,	1,	500,	'2024-12-16 20:20:58.932504',	1),
(65,	3,	'Are you satisfied with the service?',	'Yes',	NULL,	NULL,	'2024-12-13 19:40:34.112986',	'open',	NULL,	11,	4,	1,	500,	'2024-12-16 20:20:58.932504',	1),
(66,	4,	'Select your skills',	'[\'java\']',	NULL,	NULL,	'2024-12-13 19:40:34.114114',	'open',	NULL,	11,	4,	1,	500,	'2024-12-16 20:20:58.932504',	1),
(67,	5,	'Additional Comments',	'asd',	NULL,	NULL,	'2024-12-13 19:40:34.115127',	'open',	NULL,	11,	4,	1,	500,	'2024-12-16 20:20:58.932504',	1),
(72,	1,	'Full Name',	'asd',	NULL,	NULL,	'2024-12-13 20:56:57.019993',	'open',	NULL,	14,	4,	1,	500,	'2024-12-16 20:20:58.932504',	1),
(73,	2,	'Age',	'18',	NULL,	NULL,	'2024-12-13 20:56:57.028101',	'open',	NULL,	14,	4,	1,	500,	'2024-12-16 20:20:58.932504',	1),
(74,	3,	'Are you satisfied with the service?',	'Yes',	NULL,	NULL,	'2024-12-13 20:56:57.032480',	'open',	NULL,	14,	4,	1,	500,	'2024-12-16 20:20:58.932504',	1),
(75,	4,	'Select your skills',	'[\'java\']',	NULL,	NULL,	'2024-12-13 20:56:57.035648',	'open',	NULL,	14,	4,	1,	500,	'2024-12-16 20:20:58.932504',	1),
(76,	5,	'Additional Comments',	'asd',	NULL,	NULL,	'2024-12-13 20:56:57.037958',	'open',	NULL,	14,	4,	1,	500,	'2024-12-16 20:20:58.932504',	1),
(77,	1,	'Full Name',	'asd',	NULL,	NULL,	'2024-12-13 20:58:10.694756',	'open',	NULL,	15,	4,	1,	500,	'2024-12-16 20:20:58.932504',	1),
(78,	2,	'Age',	'19',	NULL,	NULL,	'2024-12-13 20:58:10.696063',	'open',	NULL,	15,	4,	1,	500,	'2024-12-16 20:20:58.932504',	1),
(79,	3,	'Are you satisfied with the service?',	'No',	'asd',	'Contacted Team Leader / Manager',	'2024-12-13 20:58:10.697412',	'open',	NULL,	15,	4,	1,	500,	'2024-12-16 20:20:58.932504',	1),
(80,	4,	'Select your skills',	'[\'java\']',	NULL,	NULL,	'2024-12-13 20:58:10.698604',	'open',	NULL,	15,	4,	1,	500,	'2024-12-16 20:20:58.932504',	1),
(81,	5,	'Additional Comments',	'adfsasdfasdf',	NULL,	NULL,	'2024-12-13 20:58:10.702305',	'open',	NULL,	15,	4,	1,	500,	'2024-12-16 20:20:58.932504',	1),
(83,	1,	'Is Safety Guarding in place, secure and unobstructed?',	'Yes',	NULL,	NULL,	'2024-12-16 20:54:18.158535',	'closed',	NULL,	17,	1,	1,	500,	'2024-12-16 20:54:18.158507',	2),
(84,	2,	'Are electrical cabinets closed?',	'Yes',	NULL,	NULL,	'2024-12-16 20:54:18.160470',	'closed',	NULL,	17,	1,	1,	500,	'2024-12-16 20:54:18.160445',	2),
(85,	3,	'Are machine windows (if applicable) secure?',	'Yes',	NULL,	NULL,	'2024-12-16 20:54:18.161828',	'closed',	NULL,	17,	1,	1,	500,	'2024-12-16 20:54:18.161804',	2),
(86,	4,	'Empty all scrap bins & garbage cans. Clean the entire cell floor.',	'Yes',	NULL,	NULL,	'2024-12-16 20:54:18.162983',	'closed',	NULL,	17,	1,	1,	500,	'2024-12-16 20:54:18.162960',	2),
(87,	5,	'Refill all min/max levels per inventory list, blue gloves, absorbent pads.',	'Yes',	NULL,	NULL,	'2024-12-16 20:54:18.164101',	'closed',	NULL,	17,	1,	1,	500,	'2024-12-16 20:54:18.164045',	2),
(88,	6,	'Are Door sensors functioning properly? (i.e. An open door prevents machine start-up)',	'Yes',	NULL,	NULL,	'2024-12-16 20:54:18.165456',	'closed',	NULL,	17,	1,	1,	500,	'2024-12-16 20:54:18.165432',	2),
(89,	7,	'Lock Out placards are posted on machine & visible?',	'Yes',	NULL,	NULL,	'2024-12-16 20:54:18.166715',	'closed',	NULL,	17,	1,	1,	500,	'2024-12-16 20:54:18.166692',	2),
(90,	8,	'Wipe down 5150 grinder, front, sides and back. Wipe down 4400 deburr, inside of windows to be done during downtime.',	'Yes',	NULL,	NULL,	'2024-12-16 20:54:18.167951',	'closed',	NULL,	17,	1,	1,	500,	'2024-12-16 20:54:18.167929',	2),
(91,	9,	'Clean workbench, items in designated location. Replenish all supplies, no stacked or unidentified parts.',	'Yes',	NULL,	NULL,	'2024-12-16 20:54:18.169125',	'closed',	NULL,	17,	1,	1,	500,	'2024-12-16 20:54:18.169102',	2),
(92,	10,	'Are leaks contained? If present, has a Work Order (WO) been created? Record WO# on back of sheet by end of shift.',	'Yes',	NULL,	NULL,	'2024-12-16 20:54:18.171123',	'closed',	NULL,	17,	1,	1,	500,	'2024-12-16 20:54:18.171100',	2),
(93,	11,	'Does the 5150 infeed conveyor need alignment? If yes, contact Team Leader or Supervisor.',	'Yes',	NULL,	NULL,	'2024-12-16 20:54:18.172463',	'closed',	NULL,	17,	1,	1,	500,	'2024-12-16 20:54:18.172437',	2),
(94,	12,	'Check nests on carriers rotate freely, no excessive wear to carriers. All screws are present.',	'Yes',	NULL,	NULL,	'2024-12-16 20:54:18.174830',	'closed',	NULL,	17,	1,	1,	500,	'2024-12-16 20:54:18.174779',	2),
(95,	13,	'Ensure the bottom grind wheel position is set correctly at the start of shift & after dressing wheels (30-80 microns above flush from table) as per specific part being run. Record the position.',	'Yes',	NULL,	NULL,	'2024-12-16 20:54:18.176840',	'closed',	NULL,	17,	1,	1,	500,	'2024-12-16 20:54:18.176814',	2),
(96,	14,	'Check conveyors are in proper working order and free of any damage. If damaged, has a Work Order been created? Record WO# on back of sheet by end of shift.',	'Yes',	NULL,	NULL,	'2024-12-16 20:54:18.178021',	'closed',	NULL,	17,	1,	1,	500,	'2024-12-16 20:54:18.177996',	2),
(97,	15,	'Verify the CNC settings are correct (see PM-0831-STD).',	'Yes',	NULL,	NULL,	'2024-12-16 20:54:18.182318',	'closed',	NULL,	17,	1,	1,	500,	'2024-12-16 20:54:18.182217',	2),
(98,	16,	'Check hydraulic oil level for the Dress arm - fill if low.',	'Yes',	NULL,	NULL,	'2024-12-16 20:54:18.183366',	'closed',	NULL,	17,	1,	1,	500,	'2024-12-16 20:54:18.183343',	2),
(99,	17,	'Check that the base plate on the transfer robot is firmly attached and escapement arm bearings are tight.',	'Yes',	NULL,	NULL,	'2024-12-16 20:54:18.184626',	'closed',	NULL,	17,	1,	1,	500,	'2024-12-16 20:54:18.184603',	2),
(100,	18,	'No unidentified parts are in the work cell. Nonconforming product segregated from work-in-progress parts? (Ref. NCR Process PM-19-F-PRC).',	'Yes',	NULL,	NULL,	'2024-12-16 20:54:18.186799',	'closed',	NULL,	17,	1,	1,	500,	'2024-12-16 20:54:18.186775',	2),
(101,	20,	'Inspect CBN thickness on both grinding wheels, verify that grooves are present. Inform T/L or Supervisor if worn.',	'Yes',	NULL,	NULL,	'2024-12-16 20:54:18.188008',	'closed',	NULL,	17,	1,	1,	500,	'2024-12-16 20:54:18.187985',	2),
(102,	21,	'Verify gauges are current, up to date & damage-free.',	'Yes',	NULL,	NULL,	'2024-12-16 20:54:18.189370',	'closed',	NULL,	17,	1,	1,	500,	'2024-12-16 20:54:18.189347',	2),
(103,	22,	'Ensure first off is completed & approved by Team Leader, Supervisor, and/or QA.',	'No',	'asd',	'Contacted Team Leader / Manager',	'2024-12-16 20:54:18.190564',	'open',	NULL,	17,	1,	1,	500,	'2024-12-16 20:54:18.190539',	2),
(104,	23,	'Verify that Binders, SWIs, Process Check Sheets, and Standard Work Instructions are available.',	'No',	'asd',	'Contacted Team Leader / Manager',	'2024-12-16 20:54:18.191725',	'open',	NULL,	17,	1,	1,	500,	'2024-12-16 20:54:18.191701',	2),
(105,	1,	'Full Name',	'a',	NULL,	NULL,	'2024-12-16 20:57:41.253327',	'closed',	NULL,	18,	4,	1,	500,	'2024-12-16 20:57:41.253289',	2),
(106,	2,	'Age',	'18',	NULL,	NULL,	'2024-12-16 20:57:41.256953',	'closed',	NULL,	18,	4,	1,	500,	'2024-12-16 20:57:41.256926',	2),
(107,	3,	'Are you satisfied with the service?',	'No',	'a',	'Contacted Team Leader / Manager',	'2024-12-16 20:57:41.258096',	'open',	NULL,	18,	4,	1,	500,	'2024-12-16 20:57:41.258072',	2),
(108,	4,	'Select your skills',	'[\'python\', \'java\']',	NULL,	NULL,	'2024-12-16 20:57:41.260047',	'closed',	NULL,	18,	4,	1,	500,	'2024-12-16 20:57:41.260023',	2),
(109,	5,	'Additional Comments',	'a\r\naewq\r\nasda\r\na',	NULL,	NULL,	'2024-12-16 20:57:41.261165',	'closed',	NULL,	18,	4,	1,	500,	'2024-12-16 20:57:41.261142',	2),
(113,	1,	'Is Safety Guarding in place, secure and unobstructed?',	'Yes',	NULL,	NULL,	'2024-12-17 20:49:29.584315',	'closed',	NULL,	20,	1,	1,	500,	'2024-12-17 20:49:29.584278',	2),
(114,	2,	'Are electrical cabinets closed?',	'Yes',	NULL,	NULL,	'2024-12-17 20:49:29.586406',	'closed',	NULL,	20,	1,	1,	500,	'2024-12-17 20:49:29.586373',	2),
(115,	3,	'Are machine windows (if applicable) secure?',	'Yes',	NULL,	NULL,	'2024-12-17 20:49:29.587856',	'closed',	NULL,	20,	1,	1,	500,	'2024-12-17 20:49:29.587826',	2),
(116,	4,	'Empty all scrap bins & garbage cans. Clean the entire cell floor.',	'Yes',	NULL,	NULL,	'2024-12-17 20:49:29.589291',	'closed',	NULL,	20,	1,	1,	500,	'2024-12-17 20:49:29.589262',	2),
(117,	5,	'Refill all min/max levels per inventory list, blue gloves, absorbent pads.',	'Yes',	NULL,	NULL,	'2024-12-17 20:49:29.590691',	'closed',	NULL,	20,	1,	1,	500,	'2024-12-17 20:49:29.590662',	2),
(118,	6,	'Are Door sensors functioning properly? (i.e. An open door prevents machine start-up)',	'Yes',	NULL,	NULL,	'2024-12-17 20:49:29.592084',	'closed',	NULL,	20,	1,	1,	500,	'2024-12-17 20:49:29.592049',	2),
(119,	7,	'Lock Out placards are posted on machine & visible?',	'Yes',	NULL,	NULL,	'2024-12-17 20:49:29.593609',	'closed',	NULL,	20,	1,	1,	500,	'2024-12-17 20:49:29.593579',	2),
(120,	8,	'Wipe down 5150 grinder, front, sides and back. Wipe down 4400 deburr, inside of windows to be done during downtime.',	'Yes',	NULL,	NULL,	'2024-12-17 20:49:29.595358',	'closed',	NULL,	20,	1,	1,	500,	'2024-12-17 20:49:29.595327',	2),
(121,	9,	'Clean workbench, items in designated location. Replenish all supplies, no stacked or unidentified parts.',	'Yes',	NULL,	NULL,	'2024-12-17 20:49:29.597886',	'closed',	NULL,	20,	1,	1,	500,	'2024-12-17 20:49:29.597855',	2),
(122,	10,	'Are leaks contained? If present, has a Work Order (WO) been created? Record WO# on back of sheet by end of shift.',	'Yes',	NULL,	NULL,	'2024-12-17 20:49:29.599419',	'closed',	NULL,	20,	1,	1,	500,	'2024-12-17 20:49:29.599387',	2),
(123,	11,	'Does the 5150 infeed conveyor need alignment? If yes, contact Team Leader or Supervisor.',	'Yes',	NULL,	NULL,	'2024-12-17 20:49:29.601029',	'closed',	NULL,	20,	1,	1,	500,	'2024-12-17 20:49:29.600999',	2),
(124,	12,	'Check nests on carriers rotate freely, no excessive wear to carriers. All screws are present.',	'Yes',	NULL,	NULL,	'2024-12-17 20:49:29.602540',	'closed',	NULL,	20,	1,	1,	500,	'2024-12-17 20:49:29.602511',	2),
(125,	13,	'Ensure the bottom grind wheel position is set correctly at the start of shift & after dressing wheels (30-80 microns above flush from table) as per specific part being run. Record the position.',	'Yes',	NULL,	NULL,	'2024-12-17 20:49:29.604035',	'closed',	NULL,	20,	1,	1,	500,	'2024-12-17 20:49:29.604007',	2),
(126,	14,	'Check conveyors are in proper working order and free of any damage. If damaged, has a Work Order been created? Record WO# on back of sheet by end of shift.',	'Yes',	NULL,	NULL,	'2024-12-17 20:49:29.608009',	'closed',	NULL,	20,	1,	1,	500,	'2024-12-17 20:49:29.607976',	2),
(127,	15,	'Verify the CNC settings are correct (see PM-0831-STD).',	'Yes',	NULL,	NULL,	'2024-12-17 20:49:29.609412',	'closed',	NULL,	20,	1,	1,	500,	'2024-12-17 20:49:29.609381',	2),
(128,	16,	'Check hydraulic oil level for the Dress arm - fill if low.',	'Yes',	NULL,	NULL,	'2024-12-17 20:49:29.610732',	'closed',	NULL,	20,	1,	1,	500,	'2024-12-17 20:49:29.610702',	2),
(129,	17,	'Check that the base plate on the transfer robot is firmly attached and escapement arm bearings are tight.',	'Yes',	NULL,	NULL,	'2024-12-17 20:49:29.612190',	'closed',	NULL,	20,	1,	1,	500,	'2024-12-17 20:49:29.612158',	2),
(130,	18,	'No unidentified parts are in the work cell. Nonconforming product segregated from work-in-progress parts? (Ref. NCR Process PM-19-F-PRC).',	'Yes',	NULL,	NULL,	'2024-12-17 20:49:29.614311',	'closed',	NULL,	20,	1,	1,	500,	'2024-12-17 20:49:29.614281',	2),
(131,	20,	'Inspect CBN thickness on both grinding wheels, verify that grooves are present. Inform T/L or Supervisor if worn.',	'Yes',	NULL,	NULL,	'2024-12-17 20:49:29.615750',	'closed',	NULL,	20,	1,	1,	500,	'2024-12-17 20:49:29.615720',	2),
(132,	21,	'Verify gauges are current, up to date & damage-free.',	'Yes',	NULL,	NULL,	'2024-12-17 20:49:29.617159',	'closed',	NULL,	20,	1,	1,	500,	'2024-12-17 20:49:29.617130',	2),
(133,	22,	'Ensure first off is completed & approved by Team Leader, Supervisor, and/or QA.',	'Yes',	NULL,	NULL,	'2024-12-17 20:49:29.618615',	'closed',	NULL,	20,	1,	1,	500,	'2024-12-17 20:49:29.618587',	2),
(134,	23,	'Verify that Binders, SWIs, Process Check Sheets, and Standard Work Instructions are available.',	'No',	'asd',	'Contacted Team Leader / Manager',	'2024-12-17 20:49:29.620077',	'open',	NULL,	20,	1,	1,	500,	'2024-12-17 20:49:29.620046',	2),
(140,	1,	'Full Name',	'a',	NULL,	NULL,	'2024-12-18 17:10:37.557725',	'closed',	NULL,	24,	4,	1,	500,	'2024-12-18 17:10:37.557641',	2),
(141,	2,	'Age',	'1',	NULL,	NULL,	'2024-12-18 17:10:37.560241',	'closed',	NULL,	24,	4,	1,	500,	'2024-12-18 17:10:37.560207',	2),
(142,	3,	'Are you satisfied with the service?',	'red',	NULL,	NULL,	'2024-12-18 17:10:37.561544',	'closed',	NULL,	24,	4,	1,	500,	'2024-12-18 17:10:37.561514',	2),
(143,	4,	'Select your skills',	'[]',	NULL,	NULL,	'2024-12-18 17:10:37.563840',	'closed',	NULL,	24,	4,	1,	500,	'2024-12-18 17:10:37.563811',	2),
(144,	5,	'Additional Comments',	'',	NULL,	NULL,	'2024-12-18 17:10:37.565624',	'closed',	NULL,	24,	4,	1,	500,	'2024-12-18 17:10:37.565596',	2),
(145,	1,	'Do you agree?',	'No',	'asd',	'Contacted Team Leader / Supervisor',	'2024-12-19 18:04:18.998278',	'open',	NULL,	25,	9,	1,	500,	'2024-12-19 18:04:18.998241',	1),
(146,	1,	'Do you agree?',	'yes',	NULL,	NULL,	'2024-12-19 20:39:24.508555',	'closed',	NULL,	26,	9,	1,	500,	'2024-12-19 20:39:24.508518',	1),
(147,	2,	'part num?',	'9058',	NULL,	NULL,	'2024-12-19 20:39:24.510114',	'closed',	NULL,	26,	9,	1,	500,	'2024-12-19 20:39:24.510081',	1),
(148,	1,	'Full Name',	'dg',	NULL,	NULL,	'2024-12-19 20:48:40.184474',	'closed',	NULL,	27,	4,	1,	500,	'2024-12-19 20:48:40.184438',	1),
(149,	3,	'Are you satisfied with the service here?',	'No',	'1',	'Contacted Team Leader / Supervisor',	'2024-12-19 20:48:40.186135',	'open',	NULL,	27,	4,	1,	500,	'2024-12-19 20:48:40.186103',	1),
(150,	2,	'Age',	'3',	NULL,	NULL,	'2024-12-19 20:48:40.187501',	'closed',	NULL,	27,	4,	1,	500,	'2024-12-19 20:48:40.187470',	1),
(151,	4,	'Select your skills',	'[\'python\']',	NULL,	NULL,	'2024-12-19 20:48:40.188978',	'closed',	NULL,	27,	4,	1,	500,	'2024-12-19 20:48:40.188947',	1),
(152,	5,	'Additional Comments',	'qwe',	NULL,	NULL,	'2024-12-19 20:48:40.190491',	'closed',	NULL,	27,	4,	1,	500,	'2024-12-19 20:48:40.190462',	1),
(153,	88,	'Are you satisfied with the service here ?',	'red',	NULL,	NULL,	'2024-12-19 20:48:40.191820',	'closed',	NULL,	27,	4,	1,	500,	'2024-12-19 20:48:40.191739',	1),
(154,	2,	'part num?',	'9058',	NULL,	NULL,	'2024-12-19 20:48:40.194271',	'closed',	NULL,	27,	4,	1,	500,	'2024-12-19 20:48:40.194241',	1),
(155,	1,	'Full Name',	'Brijesh',	NULL,	NULL,	'2025-01-10 19:15:23.790894',	'closed',	NULL,	28,	4,	1,	500,	'2025-01-10 19:15:23.790856',	1),
(156,	3,	'Are you satisfied with the service here?',	'Yes',	NULL,	NULL,	'2025-01-10 19:15:23.792367',	'closed',	NULL,	28,	4,	1,	500,	'2025-01-10 19:15:23.792333',	1),
(157,	2,	'Age',	'99',	NULL,	NULL,	'2025-01-10 19:15:23.793746',	'closed',	NULL,	28,	4,	1,	500,	'2025-01-10 19:15:23.793715',	1),
(158,	4,	'Select your skills',	'[\'python\']',	NULL,	NULL,	'2025-01-10 19:15:23.795053',	'closed',	NULL,	28,	4,	1,	500,	'2025-01-10 19:15:23.795024',	1),
(159,	5,	'Additional Comments',	'',	NULL,	NULL,	'2025-01-10 19:15:23.796295',	'closed',	NULL,	28,	4,	1,	500,	'2025-01-10 19:15:23.796266',	1),
(160,	88,	'wat color are your nails ?',	'green',	NULL,	NULL,	'2025-01-10 19:15:23.799828',	'closed',	NULL,	28,	4,	1,	500,	'2025-01-10 19:15:23.799795',	1),
(161,	2,	'What part number are you auditing?',	'9058',	NULL,	NULL,	'2025-01-10 19:15:23.801170',	'closed',	NULL,	28,	4,	1,	500,	'2025-01-10 19:15:23.801139',	1),
(162,	88,	'What shift are you reporting ?',	'Day',	NULL,	NULL,	'2025-01-13 15:18:42.696348',	'closed',	NULL,	29,	10,	1,	500,	'2025-01-13 15:18:42.696318',	1),
(163,	88,	'What part type are you inspecting ?',	'10R80 Gear',	NULL,	NULL,	'2025-01-13 15:18:42.697594',	'closed',	NULL,	29,	10,	1,	500,	'2025-01-13 15:18:42.697568',	1),
(164,	2,	'Defects: Chip, Teeth',	'3',	NULL,	NULL,	'2025-01-13 15:18:42.698843',	'closed',	NULL,	29,	10,	1,	500,	'2025-01-13 15:18:42.698818',	1),
(165,	1,	'What is your Clock Number (Employee Number)',	'555',	NULL,	NULL,	'2025-01-13 15:18:42.700504',	'closed',	NULL,	29,	10,	1,	500,	'2025-01-13 15:18:42.700479',	1),
(166,	3,	'Are you satisfied with the service here?',	'Yes',	NULL,	NULL,	'2025-01-13 15:18:42.701862',	'closed',	NULL,	29,	10,	1,	500,	'2025-01-13 15:18:42.701838',	1),
(167,	5,	'Additional Comments',	'',	NULL,	NULL,	'2025-01-13 15:18:42.703667',	'closed',	NULL,	29,	10,	1,	500,	'2025-01-13 15:18:42.703642',	1),
(168,	88,	'What shift are you reporting ?',	'Day',	NULL,	NULL,	'2025-01-13 15:30:54.206495',	'closed',	NULL,	30,	10,	1,	500,	'2025-01-13 15:30:54.206459',	2),
(169,	88,	'What part type are you inspecting ?',	'GRx Helical',	NULL,	NULL,	'2025-01-13 15:30:54.208655',	'closed',	NULL,	30,	10,	1,	500,	'2025-01-13 15:30:54.208623',	2),
(170,	2,	'Defects: Chip, Teeth',	'1',	NULL,	NULL,	'2025-01-13 15:30:54.220086',	'closed',	NULL,	30,	10,	1,	500,	'2025-01-13 15:30:54.220045',	2),
(171,	1,	'What is your Clock Number (Employee Number)',	'000001',	NULL,	NULL,	'2025-01-13 15:30:54.221831',	'closed',	NULL,	30,	10,	1,	500,	'2025-01-13 15:30:54.221797',	2),
(172,	3,	'Are you satisfied with the service here?',	'Yes',	NULL,	NULL,	'2025-01-13 15:30:54.223292',	'closed',	NULL,	30,	10,	1,	500,	'2025-01-13 15:30:54.223261',	2),
(173,	5,	'Additional Comments',	'',	NULL,	NULL,	'2025-01-13 15:30:54.224745',	'closed',	NULL,	30,	10,	1,	500,	'2025-01-13 15:30:54.224715',	2),
(180,	88,	'What shift are you reporting ?',	'Day',	NULL,	NULL,	'2025-01-13 20:22:06.439150',	'closed',	NULL,	32,	10,	1,	500,	'2025-01-13 20:22:06.439109',	1),
(181,	88,	'What part type are you inspecting ?',	'10R80 Gear',	NULL,	NULL,	'2025-01-13 20:22:06.440774',	'closed',	NULL,	32,	10,	1,	500,	'2025-01-13 20:22:06.440738',	1),
(182,	2,	'# chipping: teeth',	'2',	NULL,	NULL,	'2025-01-13 20:22:06.442196',	'closed',	NULL,	32,	10,	1,	500,	'2025-01-13 20:22:06.442166',	1),
(183,	2,	'# damage: flanks & teeth',	'1',	NULL,	NULL,	'2025-01-13 20:22:06.444307',	'closed',	NULL,	32,	10,	1,	500,	'2025-01-13 20:22:06.444276',	1),
(184,	88,	'What shift are you reporting ?',	'Day',	NULL,	NULL,	'2025-01-13 20:36:51.767663',	'closed',	NULL,	33,	10,	1,	500,	'2025-01-13 20:36:51.767627',	1),
(185,	88,	'What part type are you inspecting ?',	'GRx Spur',	NULL,	NULL,	'2025-01-13 20:36:51.769991',	'closed',	NULL,	33,	10,	1,	500,	'2025-01-13 20:36:51.769959',	1),
(186,	2,	'# chipping: teeth',	'1',	NULL,	NULL,	'2025-01-13 20:36:51.771995',	'closed',	NULL,	33,	10,	1,	500,	'2025-01-13 20:36:51.771966',	1),
(187,	2,	'# damage: flanks & teeth',	'1',	NULL,	NULL,	'2025-01-13 20:36:51.773662',	'closed',	NULL,	33,	10,	1,	500,	'2025-01-13 20:36:51.773632',	1),
(188,	2,	'# nicks & dings: tooth tip / od',	'1',	NULL,	NULL,	'2025-01-13 20:36:51.775160',	'closed',	NULL,	33,	10,	1,	500,	'2025-01-13 20:36:51.775131',	1),
(189,	2,	'# missed machining',	'1',	NULL,	NULL,	'2025-01-13 20:36:51.777226',	'closed',	NULL,	33,	10,	1,	500,	'2025-01-13 20:36:51.777162',	1),
(190,	2,	'# round gear: GRx Helical and AB1V only',	'1',	NULL,	NULL,	'2025-01-13 20:36:51.779241',	'closed',	NULL,	33,	10,	1,	500,	'2025-01-13 20:36:51.779188',	1),
(191,	2,	'# contamination: material on faces & teeth',	'1',	NULL,	NULL,	'2025-01-13 20:36:51.780991',	'closed',	NULL,	33,	10,	1,	500,	'2025-01-13 20:36:51.780955',	1),
(192,	2,	'# cracks',	'1',	NULL,	NULL,	'2025-01-13 20:36:51.783434',	'closed',	NULL,	33,	10,	1,	500,	'2025-01-13 20:36:51.783398',	1),
(193,	2,	'# spline damage',	'1',	NULL,	NULL,	'2025-01-13 20:36:51.784990',	'closed',	NULL,	33,	10,	1,	500,	'2025-01-13 20:36:51.784957',	1),
(194,	2,	'# rust',	'1',	NULL,	NULL,	'2025-01-13 20:36:51.786663',	'closed',	NULL,	33,	10,	1,	500,	'2025-01-13 20:36:51.786629',	1),
(195,	2,	'# burrs',	'1',	NULL,	NULL,	'2025-01-13 20:36:51.787960',	'closed',	NULL,	33,	10,	1,	500,	'2025-01-13 20:36:51.787932',	1),
(196,	2,	'# mixed parts',	'1',	NULL,	NULL,	'2025-01-13 20:36:51.789755',	'closed',	NULL,	33,	10,	1,	500,	'2025-01-13 20:36:51.789726',	1),
(197,	2,	'# other visual rejections',	'0',	NULL,	NULL,	'2025-01-13 20:36:51.791084',	'closed',	NULL,	33,	10,	1,	500,	'2025-01-13 20:36:51.791054',	1),
(198,	2,	'# scrap from NDT passes',	'0',	NULL,	NULL,	'2025-01-13 20:36:51.792678',	'closed',	NULL,	33,	10,	1,	500,	'2025-01-13 20:36:51.792649',	1),
(199,	2,	'# total parts inspected',	'0',	NULL,	NULL,	'2025-01-13 20:36:51.793940',	'closed',	NULL,	33,	10,	1,	500,	'2025-01-13 20:36:51.793913',	1),
(200,	1,	'What is your Clock Number (Employee Number)',	'826',	NULL,	NULL,	'2025-01-13 20:36:51.795293',	'closed',	NULL,	33,	10,	1,	500,	'2025-01-13 20:36:51.795267',	1),
(201,	5,	'Additional Comments',	'',	NULL,	NULL,	'2025-01-13 20:36:51.796810',	'closed',	NULL,	33,	10,	1,	500,	'2025-01-13 20:36:51.796781',	1),
(202,	88,	'What shift are you reporting ?',	'Afternoon',	NULL,	NULL,	'2025-01-13 20:37:56.863624',	'closed',	NULL,	34,	10,	1,	500,	'2025-01-13 20:37:56.863590',	1),
(203,	88,	'What part type are you inspecting ?',	'GRx Spur',	NULL,	NULL,	'2025-01-13 20:37:56.866563',	'closed',	NULL,	34,	10,	1,	500,	'2025-01-13 20:37:56.866531',	1),
(204,	2,	'# chipping: teeth',	'1',	NULL,	NULL,	'2025-01-13 20:37:56.868937',	'closed',	NULL,	34,	10,	1,	500,	'2025-01-13 20:37:56.868902',	1),
(205,	2,	'# damage: flanks & teeth',	NULL,	NULL,	NULL,	'2025-01-13 20:37:56.872187',	'closed',	NULL,	34,	10,	1,	500,	'2025-01-13 20:37:56.872157',	1),
(206,	2,	'# nicks & dings: tooth tip / od',	NULL,	NULL,	NULL,	'2025-01-13 20:37:56.873772',	'closed',	NULL,	34,	10,	1,	500,	'2025-01-13 20:37:56.873745',	1),
(207,	2,	'# missed machining',	NULL,	NULL,	NULL,	'2025-01-13 20:37:56.875347',	'closed',	NULL,	34,	10,	1,	500,	'2025-01-13 20:37:56.875320',	1),
(208,	2,	'# round gear: GRx Helical and AB1V only',	NULL,	NULL,	NULL,	'2025-01-13 20:37:56.876859',	'closed',	NULL,	34,	10,	1,	500,	'2025-01-13 20:37:56.876833',	1),
(209,	2,	'# contamination: material on faces & teeth',	NULL,	NULL,	NULL,	'2025-01-13 20:37:56.878410',	'closed',	NULL,	34,	10,	1,	500,	'2025-01-13 20:37:56.878381',	1),
(210,	2,	'# cracks',	NULL,	NULL,	NULL,	'2025-01-13 20:37:56.879963',	'closed',	NULL,	34,	10,	1,	500,	'2025-01-13 20:37:56.879935',	1),
(211,	2,	'# spline damage',	NULL,	NULL,	NULL,	'2025-01-13 20:37:56.881284',	'closed',	NULL,	34,	10,	1,	500,	'2025-01-13 20:37:56.881258',	1),
(212,	2,	'# rust',	NULL,	NULL,	NULL,	'2025-01-13 20:37:56.882728',	'closed',	NULL,	34,	10,	1,	500,	'2025-01-13 20:37:56.882703',	1),
(213,	2,	'# burrs',	NULL,	NULL,	NULL,	'2025-01-13 20:37:56.884507',	'closed',	NULL,	34,	10,	1,	500,	'2025-01-13 20:37:56.884479',	1),
(214,	2,	'# mixed parts',	NULL,	NULL,	NULL,	'2025-01-13 20:37:56.885776',	'closed',	NULL,	34,	10,	1,	500,	'2025-01-13 20:37:56.885748',	1),
(215,	2,	'# other visual rejections',	NULL,	NULL,	NULL,	'2025-01-13 20:37:56.887926',	'closed',	NULL,	34,	10,	1,	500,	'2025-01-13 20:37:56.887898',	1),
(216,	2,	'# scrap from NDT passes',	NULL,	NULL,	NULL,	'2025-01-13 20:37:56.889311',	'closed',	NULL,	34,	10,	1,	500,	'2025-01-13 20:37:56.889283',	1),
(217,	2,	'# total parts inspected',	NULL,	NULL,	NULL,	'2025-01-13 20:37:56.890661',	'closed',	NULL,	34,	10,	1,	500,	'2025-01-13 20:37:56.890636',	1),
(218,	1,	'What is your Clock Number (Employee Number)',	'2',	NULL,	NULL,	'2025-01-13 20:37:56.892133',	'closed',	NULL,	34,	10,	1,	500,	'2025-01-13 20:37:56.892106',	1),
(219,	5,	'Additional Comments',	'',	NULL,	NULL,	'2025-01-13 20:37:56.893747',	'closed',	NULL,	34,	10,	1,	500,	'2025-01-13 20:37:56.893719',	1),
(220,	1,	'Full Name',	'jj',	NULL,	NULL,	'2025-01-14 15:36:59.110229',	'closed',	NULL,	35,	4,	1,	500,	'2025-01-14 15:36:59.110142',	1),
(221,	3,	'Are you satisfied with the service here?',	'No',	'nothing',	'Contacted Team Leader / Supervisor',	'2025-01-14 15:36:59.112777',	'open',	NULL,	35,	4,	1,	500,	'2025-01-14 15:36:59.112707',	1),
(222,	2,	'Age',	'0',	NULL,	NULL,	'2025-01-14 15:36:59.115213',	'closed',	NULL,	35,	4,	1,	500,	'2025-01-14 15:36:59.115171',	1),
(223,	4,	'Select your skills',	'[\'python\']',	NULL,	NULL,	'2025-01-14 15:36:59.117842',	'closed',	NULL,	35,	4,	1,	500,	'2025-01-14 15:36:59.117809',	1),
(224,	5,	'Additional Comments',	'',	NULL,	NULL,	'2025-01-14 15:36:59.119601',	'closed',	NULL,	35,	4,	1,	500,	'2025-01-14 15:36:59.119571',	1),
(225,	88,	'wat color are your nails ?',	'green',	NULL,	NULL,	'2025-01-14 15:36:59.121485',	'closed',	NULL,	35,	4,	1,	500,	'2025-01-14 15:36:59.121437',	1),
(226,	2,	'What part number are you auditing?',	'9058',	'',	'',	'2025-01-14 15:36:59.123213',	'closed',	'',	35,	4,	1,	500,	'2025-01-14 15:37:25.011081',	1),
(227,	1,	'Is Safety Guarding in place, secure and unobstructed?',	'Yes',	NULL,	NULL,	'2025-01-15 14:41:45.683928',	'closed',	NULL,	36,	1,	1,	500,	'2025-01-15 14:41:45.683896',	2),
(228,	2,	'Are electrical cabinets closed?',	'Yes',	NULL,	NULL,	'2025-01-15 14:41:45.686000',	'closed',	NULL,	36,	1,	1,	500,	'2025-01-15 14:41:45.685970',	2),
(229,	3,	'Are machine windows (if applicable) secure?',	'Yes',	NULL,	NULL,	'2025-01-15 14:41:45.689549',	'closed',	NULL,	36,	1,	1,	500,	'2025-01-15 14:41:45.689517',	2),
(230,	4,	'Empty all scrap bins & garbage cans. Clean the entire cell floor.',	'Yes',	NULL,	NULL,	'2025-01-15 14:41:45.691132',	'closed',	NULL,	36,	1,	1,	500,	'2025-01-15 14:41:45.691104',	2),
(231,	5,	'Refill all min/max levels per inventory list, blue gloves, absorbent pads.',	'Yes',	NULL,	NULL,	'2025-01-15 14:41:45.693026',	'closed',	NULL,	36,	1,	1,	500,	'2025-01-15 14:41:45.692997',	2),
(232,	6,	'Are Door sensors functioning properly? (i.e. An open door prevents machine start-up)',	'Yes',	NULL,	NULL,	'2025-01-15 14:41:45.695173',	'closed',	NULL,	36,	1,	1,	500,	'2025-01-15 14:41:45.695141',	2),
(233,	7,	'Lock Out placards are posted on machine & visible?',	'Yes',	NULL,	NULL,	'2025-01-15 14:41:45.696718',	'closed',	NULL,	36,	1,	1,	500,	'2025-01-15 14:41:45.696689',	2),
(234,	8,	'Wipe down 5150 grinder, front, sides and back. Wipe down 4400 deburr, inside of windows to be done during downtime.',	'Yes',	NULL,	NULL,	'2025-01-15 14:41:45.698699',	'closed',	NULL,	36,	1,	1,	500,	'2025-01-15 14:41:45.698670',	2),
(235,	9,	'Clean workbench, items in designated location. Replenish all supplies, no stacked or unidentified parts.',	'Yes',	NULL,	NULL,	'2025-01-15 14:41:45.701382',	'closed',	NULL,	36,	1,	1,	500,	'2025-01-15 14:41:45.701353',	2),
(236,	10,	'Are leaks contained? If present, has a Work Order (WO) been created? Record WO# on back of sheet by end of shift.',	'Yes',	NULL,	NULL,	'2025-01-15 14:41:45.703100',	'closed',	NULL,	36,	1,	1,	500,	'2025-01-15 14:41:45.703073',	2),
(237,	11,	'Does the 5150 infeed conveyor need alignment? If yes, contact Team Leader or Supervisor.',	'Yes',	NULL,	NULL,	'2025-01-15 14:41:45.704338',	'closed',	NULL,	36,	1,	1,	500,	'2025-01-15 14:41:45.704312',	2),
(238,	12,	'Check nests on carriers rotate freely, no excessive wear to carriers. All screws are present.',	'Yes',	NULL,	NULL,	'2025-01-15 14:41:45.706887',	'closed',	NULL,	36,	1,	1,	500,	'2025-01-15 14:41:45.706854',	2),
(239,	13,	'Ensure the bottom grind wheel position is set correctly at the start of shift & after dressing wheels (30-80 microns above flush from table) as per specific part being run. Record the position.',	'Yes',	NULL,	NULL,	'2025-01-15 14:41:45.708315',	'closed',	NULL,	36,	1,	1,	500,	'2025-01-15 14:41:45.708286',	2),
(240,	14,	'Check conveyors are in proper working order and free of any damage. If damaged, has a Work Order been created? Record WO# on back of sheet by end of shift.',	'Yes',	NULL,	NULL,	'2025-01-15 14:41:45.709897',	'closed',	NULL,	36,	1,	1,	500,	'2025-01-15 14:41:45.709868',	2),
(241,	15,	'Verify the CNC settings are correct (see PM-0831-STD).',	'Yes',	NULL,	NULL,	'2025-01-15 14:41:45.711777',	'closed',	NULL,	36,	1,	1,	500,	'2025-01-15 14:41:45.711723',	2),
(242,	16,	'Check hydraulic oil level for the Dress arm - fill if low.',	'Yes',	NULL,	NULL,	'2025-01-15 14:41:45.713504',	'closed',	NULL,	36,	1,	1,	500,	'2025-01-15 14:41:45.713467',	2),
(243,	17,	'Check that the base plate on the transfer robot is firmly attached and escapement arm bearings are tight.',	'Yes',	NULL,	NULL,	'2025-01-15 14:41:45.715954',	'closed',	NULL,	36,	1,	1,	500,	'2025-01-15 14:41:45.715919',	2),
(244,	18,	'No unidentified parts are in the work cell. Nonconforming product segregated from work-in-progress parts? (Ref. NCR Process PM-19-F-PRC).',	'Yes',	NULL,	NULL,	'2025-01-15 14:41:45.717869',	'closed',	NULL,	36,	1,	1,	500,	'2025-01-15 14:41:45.717836',	2),
(245,	20,	'Inspect CBN thickness on both grinding wheels, verify that grooves are present. Inform T/L or Supervisor if worn.',	'Yes',	NULL,	NULL,	'2025-01-15 14:41:45.719250',	'closed',	NULL,	36,	1,	1,	500,	'2025-01-15 14:41:45.719220',	2),
(246,	21,	'Verify gauges are current, up to date & damage-free.',	'Yes',	NULL,	NULL,	'2025-01-15 14:41:45.720474',	'closed',	NULL,	36,	1,	1,	500,	'2025-01-15 14:41:45.720448',	2),
(247,	22,	'Ensure first off is completed & approved by Team Leader, Supervisor, and/or QA.',	'Yes',	NULL,	NULL,	'2025-01-15 14:41:45.722494',	'closed',	NULL,	36,	1,	1,	500,	'2025-01-15 14:41:45.722463',	2),
(248,	23,	'Verify that Binders, SWIs, Process Check Sheets, and Standard Work Instructions are available.',	'Yes',	NULL,	NULL,	'2025-01-15 14:41:45.723738',	'closed',	NULL,	36,	1,	1,	500,	'2025-01-15 14:41:45.723711',	2),
(249,	88,	'What shift are you reporting ?',	'Day',	NULL,	NULL,	'2025-01-17 14:06:50.138467',	'closed',	NULL,	37,	10,	1,	500,	'2025-01-17 14:06:50.138426',	1),
(250,	88,	'What part type are you inspecting ?',	'10R80 Gear',	NULL,	NULL,	'2025-01-17 14:06:50.140167',	'closed',	NULL,	37,	10,	1,	500,	'2025-01-17 14:06:50.140132',	1),
(251,	2,	'# chipping: teeth',	'12',	NULL,	NULL,	'2025-01-17 14:06:50.142045',	'closed',	NULL,	37,	10,	1,	500,	'2025-01-17 14:06:50.141999',	1),
(252,	2,	'# damage: flanks & teeth',	NULL,	NULL,	NULL,	'2025-01-17 14:06:50.145369',	'closed',	NULL,	37,	10,	1,	500,	'2025-01-17 14:06:50.145307',	1),
(253,	2,	'# nicks & dings: tooth tip / od',	NULL,	NULL,	NULL,	'2025-01-17 14:06:50.147452',	'closed',	NULL,	37,	10,	1,	500,	'2025-01-17 14:06:50.147395',	1),
(254,	2,	'# missed machining',	NULL,	NULL,	NULL,	'2025-01-17 14:06:50.149313',	'closed',	NULL,	37,	10,	1,	500,	'2025-01-17 14:06:50.149273',	1),
(255,	2,	'# round gear: GRx Helical and AB1V only',	NULL,	NULL,	NULL,	'2025-01-17 14:06:50.150876',	'closed',	NULL,	37,	10,	1,	500,	'2025-01-17 14:06:50.150838',	1),
(256,	2,	'# contamination: material on faces & teeth',	NULL,	NULL,	NULL,	'2025-01-17 14:06:50.152481',	'closed',	NULL,	37,	10,	1,	500,	'2025-01-17 14:06:50.152442',	1),
(257,	2,	'# cracks',	NULL,	NULL,	NULL,	'2025-01-17 14:06:50.154131',	'closed',	NULL,	37,	10,	1,	500,	'2025-01-17 14:06:50.154094',	1),
(258,	2,	'# spline damage',	NULL,	NULL,	NULL,	'2025-01-17 14:06:50.155481',	'closed',	NULL,	37,	10,	1,	500,	'2025-01-17 14:06:50.155452',	1),
(259,	2,	'# rust',	NULL,	NULL,	NULL,	'2025-01-17 14:06:50.158596',	'closed',	NULL,	37,	10,	1,	500,	'2025-01-17 14:06:50.158556',	1),
(260,	2,	'# burrs',	NULL,	NULL,	NULL,	'2025-01-17 14:06:50.160192',	'closed',	NULL,	37,	10,	1,	500,	'2025-01-17 14:06:50.160163',	1),
(261,	2,	'# mixed parts',	NULL,	NULL,	NULL,	'2025-01-17 14:06:50.161370',	'closed',	NULL,	37,	10,	1,	500,	'2025-01-17 14:06:50.161342',	1),
(262,	2,	'# other visual rejections',	NULL,	NULL,	NULL,	'2025-01-17 14:06:50.164487',	'closed',	NULL,	37,	10,	1,	500,	'2025-01-17 14:06:50.164457',	1),
(263,	2,	'# scrap from NDT passes',	NULL,	NULL,	NULL,	'2025-01-17 14:06:50.166022',	'closed',	NULL,	37,	10,	1,	500,	'2025-01-17 14:06:50.165992',	1),
(264,	2,	'# total parts inspected',	'1233',	NULL,	NULL,	'2025-01-17 14:06:50.167432',	'closed',	NULL,	37,	10,	1,	500,	'2025-01-17 14:06:50.167407',	1),
(265,	1,	'What is your Clock Number (Employee Number)',	'826',	NULL,	NULL,	'2025-01-17 14:06:50.169317',	'closed',	NULL,	37,	10,	1,	500,	'2025-01-17 14:06:50.169264',	1),
(266,	5,	'Additional Comments',	'',	NULL,	NULL,	'2025-01-17 14:06:50.171904',	'closed',	NULL,	37,	10,	1,	500,	'2025-01-17 14:06:50.171864',	1),
(267,	1,	'What is your Clock Number (Employee Number)',	'joes',	NULL,	NULL,	'2025-01-17 14:22:38.303242',	'closed',	NULL,	38,	10,	1,	500,	'2025-01-17 14:22:38.303201',	1),
(268,	2,	'# total parts inspected',	NULL,	NULL,	NULL,	'2025-01-17 14:22:38.305793',	'closed',	NULL,	38,	10,	1,	500,	'2025-01-17 14:22:38.305759',	1),
(269,	88,	'What part type are you inspecting ?',	'10R80 Gear',	NULL,	NULL,	'2025-01-17 14:22:38.307609',	'closed',	NULL,	38,	10,	1,	500,	'2025-01-17 14:22:38.307579',	1),
(270,	2,	'# chipping: teeth',	'5',	NULL,	NULL,	'2025-01-17 14:22:38.309025',	'closed',	NULL,	38,	10,	1,	500,	'2025-01-17 14:22:38.308994',	1),
(271,	2,	'# damage: flanks & teeth',	NULL,	NULL,	NULL,	'2025-01-17 14:22:38.311567',	'closed',	NULL,	38,	10,	1,	500,	'2025-01-17 14:22:38.311523',	1),
(272,	2,	'# nicks & dings: tooth tip / od',	NULL,	NULL,	NULL,	'2025-01-17 14:22:38.313062',	'closed',	NULL,	38,	10,	1,	500,	'2025-01-17 14:22:38.313026',	1),
(273,	2,	'# missed machining',	NULL,	NULL,	NULL,	'2025-01-17 14:22:38.314784',	'closed',	NULL,	38,	10,	1,	500,	'2025-01-17 14:22:38.314753',	1),
(274,	2,	'# round gear: GRx Helical and AB1V only',	NULL,	NULL,	NULL,	'2025-01-17 14:22:38.316065',	'closed',	NULL,	38,	10,	1,	500,	'2025-01-17 14:22:38.316035',	1),
(275,	2,	'# contamination: material on faces & teeth',	NULL,	NULL,	NULL,	'2025-01-17 14:22:38.317331',	'closed',	NULL,	38,	10,	1,	500,	'2025-01-17 14:22:38.317300',	1),
(276,	2,	'# cracks',	NULL,	NULL,	NULL,	'2025-01-17 14:22:38.318655',	'closed',	NULL,	38,	10,	1,	500,	'2025-01-17 14:22:38.318625',	1),
(277,	2,	'# spline damage',	NULL,	NULL,	NULL,	'2025-01-17 14:22:38.320033',	'closed',	NULL,	38,	10,	1,	500,	'2025-01-17 14:22:38.320006',	1),
(278,	2,	'# rust',	NULL,	NULL,	NULL,	'2025-01-17 14:22:38.321207',	'closed',	NULL,	38,	10,	1,	500,	'2025-01-17 14:22:38.321180',	1),
(279,	2,	'# burrs',	NULL,	NULL,	NULL,	'2025-01-17 14:22:38.322382',	'closed',	NULL,	38,	10,	1,	500,	'2025-01-17 14:22:38.322355',	1),
(280,	2,	'# mixed parts',	NULL,	NULL,	NULL,	'2025-01-17 14:22:38.323792',	'closed',	NULL,	38,	10,	1,	500,	'2025-01-17 14:22:38.323765',	1),
(281,	2,	'# other visual rejections',	NULL,	NULL,	NULL,	'2025-01-17 14:22:38.325142',	'closed',	NULL,	38,	10,	1,	500,	'2025-01-17 14:22:38.325106',	1),
(282,	2,	'# scrap from NDT passes',	NULL,	NULL,	NULL,	'2025-01-17 14:22:38.327451',	'closed',	NULL,	38,	10,	1,	500,	'2025-01-17 14:22:38.327420',	1),
(283,	5,	'Additional Comments',	'',	NULL,	NULL,	'2025-01-17 14:22:38.329122',	'closed',	NULL,	38,	10,	1,	500,	'2025-01-17 14:22:38.329091',	1),
(284,	1,	'What is your Clock Number (Employee Number)',	'826',	NULL,	NULL,	'2025-01-17 14:25:17.230078',	'closed',	NULL,	39,	10,	1,	500,	'2025-01-17 14:25:17.230043',	1),
(285,	2,	'# total parts inspected',	NULL,	NULL,	NULL,	'2025-01-17 14:25:17.232029',	'closed',	NULL,	39,	10,	1,	500,	'2025-01-17 14:25:17.232001',	1),
(286,	88,	'What part type are you inspecting ?',	'GRx Spur',	NULL,	NULL,	'2025-01-17 14:25:17.233714',	'closed',	NULL,	39,	10,	1,	500,	'2025-01-17 14:25:17.233684',	1),
(287,	2,	'# chipping: teeth',	NULL,	NULL,	NULL,	'2025-01-17 14:25:17.235484',	'closed',	NULL,	39,	10,	1,	500,	'2025-01-17 14:25:17.235453',	1),
(288,	2,	'# damage: flanks & teeth',	NULL,	NULL,	NULL,	'2025-01-17 14:25:17.237795',	'closed',	NULL,	39,	10,	1,	500,	'2025-01-17 14:25:17.237719',	1),
(289,	2,	'# nicks & dings: tooth tip / od',	NULL,	NULL,	NULL,	'2025-01-17 14:25:17.240075',	'closed',	NULL,	39,	10,	1,	500,	'2025-01-17 14:25:17.240008',	1),
(290,	2,	'# missed machining',	NULL,	NULL,	NULL,	'2025-01-17 14:25:17.242124',	'closed',	NULL,	39,	10,	1,	500,	'2025-01-17 14:25:17.242065',	1),
(291,	2,	'# round gear: GRx Helical and AB1V only',	NULL,	NULL,	NULL,	'2025-01-17 14:25:17.244338',	'closed',	NULL,	39,	10,	1,	500,	'2025-01-17 14:25:17.244279',	1),
(292,	2,	'# contamination: material on faces & teeth',	NULL,	NULL,	NULL,	'2025-01-17 14:25:17.246935',	'closed',	NULL,	39,	10,	1,	500,	'2025-01-17 14:25:17.246899',	1),
(293,	2,	'# cracks',	NULL,	NULL,	NULL,	'2025-01-17 14:25:17.248345',	'closed',	NULL,	39,	10,	1,	500,	'2025-01-17 14:25:17.248313',	1),
(294,	2,	'# spline damage',	NULL,	NULL,	NULL,	'2025-01-17 14:25:17.249633',	'closed',	NULL,	39,	10,	1,	500,	'2025-01-17 14:25:17.249602',	1),
(295,	2,	'# rust',	NULL,	NULL,	NULL,	'2025-01-17 14:25:17.250931',	'closed',	NULL,	39,	10,	1,	500,	'2025-01-17 14:25:17.250896',	1),
(296,	2,	'# burrs',	'1',	NULL,	NULL,	'2025-01-17 14:25:17.252234',	'closed',	NULL,	39,	10,	1,	500,	'2025-01-17 14:25:17.252206',	1),
(297,	2,	'# mixed parts',	NULL,	NULL,	NULL,	'2025-01-17 14:25:17.254825',	'closed',	NULL,	39,	10,	1,	500,	'2025-01-17 14:25:17.254797',	1),
(298,	2,	'# other visual rejections',	NULL,	NULL,	NULL,	'2025-01-17 14:25:17.256746',	'closed',	NULL,	39,	10,	1,	500,	'2025-01-17 14:25:17.256719',	1),
(299,	2,	'# scrap from NDT passes',	NULL,	NULL,	NULL,	'2025-01-17 14:25:17.257972',	'closed',	NULL,	39,	10,	1,	500,	'2025-01-17 14:25:17.257945',	1),
(300,	5,	'Additional Comments',	'',	NULL,	NULL,	'2025-01-17 14:25:17.259232',	'closed',	NULL,	39,	10,	1,	500,	'2025-01-17 14:25:17.259207',	1),
(301,	1,	'What is your Clock Number (Employee Number)',	'dg',	NULL,	NULL,	'2025-01-18 16:49:58.056694',	'closed',	NULL,	40,	10,	1,	500,	'2025-01-18 16:49:58.056660',	1),
(302,	2,	'# total parts inspected',	NULL,	NULL,	NULL,	'2025-01-18 16:49:58.058563',	'closed',	NULL,	40,	10,	1,	500,	'2025-01-18 16:49:58.058535',	1),
(303,	88,	'What part type are you inspecting ?',	'10R80 Gear',	NULL,	NULL,	'2025-01-18 16:49:58.060003',	'closed',	NULL,	40,	10,	1,	500,	'2025-01-18 16:49:58.059973',	1),
(304,	2,	'# chipping: teeth',	'1',	NULL,	NULL,	'2025-01-18 16:49:58.061504',	'closed',	NULL,	40,	10,	1,	500,	'2025-01-18 16:49:58.061478',	1),
(305,	2,	'# damage: flanks & teeth',	NULL,	NULL,	NULL,	'2025-01-18 16:49:58.063043',	'closed',	NULL,	40,	10,	1,	500,	'2025-01-18 16:49:58.063017',	1),
(306,	2,	'# nicks & dings: tooth tip / od',	NULL,	NULL,	NULL,	'2025-01-18 16:49:58.064474',	'closed',	NULL,	40,	10,	1,	500,	'2025-01-18 16:49:58.064446',	1),
(307,	2,	'# missed machining',	NULL,	NULL,	NULL,	'2025-01-18 16:49:58.066129',	'closed',	NULL,	40,	10,	1,	500,	'2025-01-18 16:49:58.066100',	1),
(308,	2,	'# round gear: GRx Helical and AB1V only',	NULL,	NULL,	NULL,	'2025-01-18 16:49:58.067661',	'closed',	NULL,	40,	10,	1,	500,	'2025-01-18 16:49:58.067635',	1),
(309,	2,	'# contamination: material on faces & teeth',	NULL,	NULL,	NULL,	'2025-01-18 16:49:58.068951',	'closed',	NULL,	40,	10,	1,	500,	'2025-01-18 16:49:58.068926',	1),
(310,	2,	'# cracks',	NULL,	NULL,	NULL,	'2025-01-18 16:49:58.070248',	'closed',	NULL,	40,	10,	1,	500,	'2025-01-18 16:49:58.070222',	1),
(311,	2,	'# spline damage',	NULL,	NULL,	NULL,	'2025-01-18 16:49:58.073016',	'closed',	NULL,	40,	10,	1,	500,	'2025-01-18 16:49:58.072988',	1),
(312,	2,	'# rust',	NULL,	NULL,	NULL,	'2025-01-18 16:49:58.074315',	'closed',	NULL,	40,	10,	1,	500,	'2025-01-18 16:49:58.074288',	1),
(313,	2,	'# burrs',	NULL,	NULL,	NULL,	'2025-01-18 16:49:58.075737',	'closed',	NULL,	40,	10,	1,	500,	'2025-01-18 16:49:58.075710',	1),
(314,	2,	'# mixed parts',	NULL,	NULL,	NULL,	'2025-01-18 16:49:58.077347',	'closed',	NULL,	40,	10,	1,	500,	'2025-01-18 16:49:58.077321',	1),
(315,	2,	'# other visual rejections',	NULL,	NULL,	NULL,	'2025-01-18 16:49:58.078792',	'closed',	NULL,	40,	10,	1,	500,	'2025-01-18 16:49:58.078766',	1),
(316,	2,	'# scrap from NDT passes',	NULL,	NULL,	NULL,	'2025-01-18 16:49:58.080088',	'closed',	NULL,	40,	10,	1,	500,	'2025-01-18 16:49:58.080062',	1),
(317,	5,	'Additional Comments',	'',	NULL,	NULL,	'2025-01-18 16:49:58.081880',	'closed',	NULL,	40,	10,	1,	500,	'2025-01-18 16:49:58.081855',	1),
(318,	1,	'What is your Clock Number (Employee Number)',	'dg',	NULL,	NULL,	'2025-01-18 19:08:26.726645',	'closed',	NULL,	41,	10,	1,	500,	'2025-01-18 19:08:26.726614',	2),
(319,	2,	'# total parts inspected',	NULL,	NULL,	NULL,	'2025-01-18 19:08:26.730189',	'closed',	NULL,	41,	10,	1,	500,	'2025-01-18 19:08:26.730114',	2),
(320,	88,	'What part type are you inspecting ?',	'10R80 Gear',	NULL,	NULL,	'2025-01-18 19:08:26.732355',	'closed',	NULL,	41,	10,	1,	500,	'2025-01-18 19:08:26.732293',	2),
(321,	2,	'# chipping: teeth',	'2',	NULL,	NULL,	'2025-01-18 19:08:26.744674',	'closed',	NULL,	41,	10,	1,	500,	'2025-01-18 19:08:26.744640',	2),
(322,	2,	'# damage: flanks & teeth',	'4',	NULL,	NULL,	'2025-01-18 19:08:26.746528',	'closed',	NULL,	41,	10,	1,	500,	'2025-01-18 19:08:26.746498',	2),
(323,	2,	'# nicks & dings: tooth tip / od',	'2',	NULL,	NULL,	'2025-01-18 19:08:26.748312',	'closed',	NULL,	41,	10,	1,	500,	'2025-01-18 19:08:26.748285',	2),
(324,	2,	'# missed machining',	NULL,	NULL,	NULL,	'2025-01-18 19:08:26.749889',	'closed',	NULL,	41,	10,	1,	500,	'2025-01-18 19:08:26.749863',	2),
(325,	2,	'# round gear: GRx Helical and AB1V only',	NULL,	NULL,	NULL,	'2025-01-18 19:08:26.751639',	'closed',	NULL,	41,	10,	1,	500,	'2025-01-18 19:08:26.751611',	2),
(326,	2,	'# contamination: material on faces & teeth',	NULL,	NULL,	NULL,	'2025-01-18 19:08:26.753573',	'closed',	NULL,	41,	10,	1,	500,	'2025-01-18 19:08:26.753546',	2),
(327,	2,	'# cracks',	NULL,	NULL,	NULL,	'2025-01-18 19:08:26.755188',	'closed',	NULL,	41,	10,	1,	500,	'2025-01-18 19:08:26.755161',	2),
(328,	2,	'# spline damage',	NULL,	NULL,	NULL,	'2025-01-18 19:08:26.756846',	'closed',	NULL,	41,	10,	1,	500,	'2025-01-18 19:08:26.756817',	2),
(329,	2,	'# rust',	NULL,	NULL,	NULL,	'2025-01-18 19:08:26.758570',	'closed',	NULL,	41,	10,	1,	500,	'2025-01-18 19:08:26.758544',	2),
(330,	2,	'# burrs',	NULL,	NULL,	NULL,	'2025-01-18 19:08:26.760949',	'closed',	NULL,	41,	10,	1,	500,	'2025-01-18 19:08:26.760894',	2),
(331,	2,	'# mixed parts',	NULL,	NULL,	NULL,	'2025-01-18 19:08:26.762474',	'closed',	NULL,	41,	10,	1,	500,	'2025-01-18 19:08:26.762445',	2),
(332,	2,	'# other visual rejections',	NULL,	NULL,	NULL,	'2025-01-18 19:08:26.763953',	'closed',	NULL,	41,	10,	1,	500,	'2025-01-18 19:08:26.763925',	2),
(333,	2,	'# scrap from NDT passes',	NULL,	NULL,	NULL,	'2025-01-18 19:08:26.765320',	'closed',	NULL,	41,	10,	1,	500,	'2025-01-18 19:08:26.765293',	2),
(334,	5,	'Additional Comments',	'',	NULL,	NULL,	'2025-01-18 19:08:26.767772',	'closed',	NULL,	41,	10,	1,	500,	'2025-01-18 19:08:26.767717',	2);

DROP TABLE IF EXISTS `surveyapp_survey`;
CREATE TABLE `surveyapp_survey` (
  `id` bigint(20) NOT NULL AUTO_INCREMENT,
  `name` varchar(255) NOT NULL,
  `description` longtext DEFAULT NULL,
  `structure` longtext CHARACTER SET utf8mb4 COLLATE utf8mb4_bin NOT NULL CHECK (json_valid(`structure`)),
  `created_at` datetime(6) NOT NULL,
  `cell` varchar(100) NOT NULL,
  `active_status` int(11) NOT NULL,
  `sort_order` int(11) NOT NULL,
  `updated_at` datetime(6) NOT NULL,
  `user_id` int(11) NOT NULL,
  PRIMARY KEY (`id`),
  KEY `surveyapp_survey_user_id_370f7dee_fk_auth_user_id` (`user_id`),
  CONSTRAINT `surveyapp_survey_user_id_370f7dee_fk_auth_user_id` FOREIGN KEY (`user_id`) REFERENCES `auth_user` (`id`)
) ENGINE=InnoDB DEFAULT CHARSET=utf8mb3 COLLATE=utf8mb3_general_ci;

INSERT INTO `surveyapp_survey` (`id`, `name`, `description`, `structure`, `created_at`, `cell`, `active_status`, `sort_order`, `updated_at`, `user_id`) VALUES
(1,	'TPM 5150',	'The Survey for TPM 5150.',	'{\"questions\": [{\"choices\": [\"Yes\", \"No\"], \"id\": 1, \"label\": \"Is Safety Guarding in place, secure and unobstructed?\", \"name\": \"safety_guarding\", \"required\": true, \"type\": \"choice\"}, {\"choices\": [\"Yes\", \"No\"], \"id\": 2, \"label\": \"Are electrical cabinets closed?\", \"name\": \"electrical_cabinets\", \"required\": true, \"type\": \"choice\"}, {\"choices\": [\"Yes\", \"No\"], \"id\": 3, \"label\": \"Are machine windows (if applicable) secure?\", \"name\": \"machine_windows\", \"required\": true, \"type\": \"choice\"}, {\"choices\": [\"Yes\", \"No\"], \"id\": 4, \"label\": \"Empty all scrap bins & garbage cans. Clean the entire cell floor.\", \"name\": \"scrap_bins\", \"required\": true, \"type\": \"choice\"}, {\"choices\": [\"Yes\", \"No\"], \"id\": 5, \"label\": \"Refill all min/max levels per inventory list, blue gloves, absorbent pads.\", \"name\": \"min_max_levels\", \"required\": true, \"type\": \"choice\"}, {\"choices\": [\"Yes\", \"No\"], \"id\": 6, \"label\": \"Are Door sensors functioning properly? (i.e. An open door prevents machine start-up)\", \"name\": \"door_sensors\", \"required\": true, \"type\": \"choice\"}, {\"choices\": [\"Yes\", \"No\"], \"id\": 7, \"label\": \"Lock Out placards are posted on machine & visible?\", \"name\": \"lock_out_placards\", \"required\": true, \"type\": \"choice\"}, {\"choices\": [\"Yes\", \"No\"], \"id\": 8, \"label\": \"Wipe down 5150 grinder, front, sides and back. Wipe down 4400 deburr, inside of windows to be done during downtime.\", \"name\": \"wipe_down\", \"required\": true, \"type\": \"choice\"}, {\"choices\": [\"Yes\", \"No\"], \"id\": 9, \"label\": \"Clean workbench, items in designated location. Replenish all supplies, no stacked or unidentified parts.\", \"name\": \"clean_workbench\", \"required\": true, \"type\": \"choice\"}, {\"choices\": [\"Yes\", \"No\"], \"id\": 10, \"label\": \"Are leaks contained? If present, has a Work Order (WO) been created? Record WO# on back of sheet by end of shift.\", \"name\": \"leaks_contained\", \"required\": true, \"type\": \"choice\"}, {\"choices\": [\"Yes\", \"No\"], \"id\": 11, \"label\": \"Does the 5150 infeed conveyor need alignment? If yes, contact Team Leader or Supervisor.\", \"name\": \"conveyor_alignment\", \"required\": true, \"type\": \"choice\"}, {\"choices\": [\"Yes\", \"No\"], \"id\": 12, \"label\": \"Check nests on carriers rotate freely, no excessive wear to carriers. All screws are present.\", \"name\": \"nest_carriers\", \"required\": true, \"type\": \"choice\"}, {\"choices\": [\"Yes\", \"No\"], \"id\": 13, \"label\": \"Ensure the bottom grind wheel position is set correctly at the start of shift & after dressing wheels (30-80 microns above flush from table) as per specific part being run. Record the position.\", \"name\": \"grind_wheel_position\", \"required\": true, \"type\": \"choice\"}, {\"choices\": [\"Yes\", \"No\"], \"id\": 14, \"label\": \"Check conveyors are in proper working order and free of any damage. If damaged, has a Work Order been created? Record WO# on back of sheet by end of shift.\", \"name\": \"conveyor_condition\", \"required\": true, \"type\": \"choice\"}, {\"choices\": [\"Yes\", \"No\"], \"id\": 15, \"label\": \"Verify the CNC settings are correct (see PM-0831-STD).\", \"name\": \"cnc_settings\", \"required\": true, \"type\": \"choice\"}, {\"choices\": [\"Yes\", \"No\"], \"id\": 16, \"label\": \"Check hydraulic oil level for the Dress arm - fill if low.\", \"name\": \"hydraulic_oil_level\", \"required\": true, \"type\": \"choice\"}, {\"choices\": [\"Yes\", \"No\"], \"id\": 17, \"label\": \"Check that the base plate on the transfer robot is firmly attached and escapement arm bearings are tight.\", \"name\": \"robot_base_plate\", \"required\": true, \"type\": \"choice\"}, {\"choices\": [\"Yes\", \"No\"], \"id\": 18, \"label\": \"No unidentified parts are in the work cell. Nonconforming product segregated from work-in-progress parts? (Ref. NCR Process PM-19-F-PRC).\", \"name\": \"nonconforming_parts\", \"required\": true, \"type\": \"choice\"}, {\"choices\": [\"Yes\", \"No\"], \"id\": 19, \"label\": \"Is a standard scrap bin (red for scrap, yellow for suspect material to be reviewed) available and in use? All suspect product must be segregated in these bins.\", \"name\": \"scrap_bins\", \"required\": true, \"type\": \"choice\"}, {\"choices\": [\"Yes\", \"No\"], \"id\": 20, \"label\": \"Inspect CBN thickness on both grinding wheels, verify that grooves are present. Inform T/L or Supervisor if worn.\", \"name\": \"cbn_thickness\", \"required\": true, \"type\": \"choice\"}, {\"choices\": [\"Yes\", \"No\"], \"id\": 21, \"label\": \"Verify gauges are current, up to date & damage-free.\", \"name\": \"gauges_check\", \"required\": true, \"type\": \"choice\"}, {\"choices\": [\"Yes\", \"No\"], \"id\": 22, \"label\": \"Ensure first off is completed & approved by Team Leader, Supervisor, and/or QA.\", \"name\": \"first_off_completed\", \"required\": true, \"type\": \"choice\"}, {\"choices\": [\"Yes\", \"No\"], \"id\": 23, \"label\": \"Verify that Binders, SWIs, Process Check Sheets, and Standard Work Instructions are available.\", \"name\": \"documentation_availability\", \"required\": true, \"type\": \"choice\"}]}',	'2024-12-11 20:10:51.310054',	'15',	1,	500,	'2024-12-16 20:20:59.044683',	1),
(2,	'TPM 6280',	'The Survey for TPM 6280.',	'{\"questions\": [{\"choices\": [\"Yes\", \"No\"], \"id\": 1, \"label\": \"Empty scrap bins and garbage. Clean all gauges and tables. Use lint-free towel and alcohol to wipe down all inspection tables.\", \"name\": \"empty_scrap_bins\", \"required\": true, \"type\": \"choice\"}, {\"choices\": [\"Yes\", \"No\", \"maybee\"], \"id\": 2, \"label\": \"Ensure nothing is stored under tables except gauges and supplies needed. NO cardboard, boxes, files, etc. VCI paper must be kept in BLUE plastic box.\", \"name\": \"no_items_under_tables\", \"required\": true, \"type\": \"choice\"}, {\"choices\": [\"Yes\", \"No\"], \"id\": 3, \"label\": \"Empty the oil skimmer bucket and verify that the oil skimmer belt is functioning through the view window.\", \"name\": \"oil_skimmer_verification\", \"required\": true, \"type\": \"choice\"}, {\"choices\": [\"Yes\", \"No\"], \"id\": 4, \"label\": \"Verify lockout placards are present at the machine and E-Stops located at load, unload, and on the Main Control Panel are working. Depress E-stop and attempt to power on washer. If washer powers on, notify Team Lead or Supervisor.\", \"name\": \"lockout_e_stop\", \"required\": true, \"type\": \"choice\"}, {\"choices\": [\"Yes\", \"No\"], \"id\": 5, \"label\": \"Verify the conveyor is damage-free and guards are in place at load/unload. If damaged, has a Work Order been written, and has the Work Order number been recorded on the back of the TPM sheet?\", \"name\": \"conveyor_guard_check\", \"required\": true, \"type\": \"choice\"}, {\"choices\": [\"Yes\", \"No\"], \"id\": 6, \"label\": \"Verify any leaks are properly contained. If a leak is present, has a Maintenance Work Order been created? Record the Work Order number on the back of the sheet by the end of the shift.\", \"name\": \"leak_verification\", \"required\": true, \"type\": \"choice\"}, {\"choices\": [\"Yes\", \"No\"], \"id\": 7, \"label\": \"Mop the area around and behind the 6280 washer and inspection tables.\", \"name\": \"mop_washer_area\", \"required\": true, \"type\": \"choice\"}, {\"choices\": [\"Yes\", \"No\"], \"id\": 8, \"label\": \"Use a paper towel to wipe oil residue from the BLOW OFF section walls, ceiling, air knives, and rails. Then rinse the entire section, including under the conveyor belt, with a water hose.\", \"name\": \"wipe_blow_off\", \"required\": true, \"type\": \"choice\"}, {\"choices\": [\"Yes\", \"No\"], \"id\": 9, \"label\": \"Clean the blow-off stage with the auto rinse function on HMI. Validate that the RO valves are in the open position.\", \"name\": \"clean_blow_off_stage\", \"required\": true, \"type\": \"choice\"}, {\"choices\": [\"Yes\", \"No\"], \"id\": 10, \"label\": \"Change the 200um bag filter on deburr. Part # 19028.\", \"name\": \"change_bag_filter\", \"required\": true, \"type\": \"choice\"}, {\"choices\": [\"Yes\", \"No\"], \"id\": 11, \"label\": \"Measure brush length with gauge ID PG-274. If below minimum, change brushes. Ensure coolant flow to brushes and remove parts from the bottom of the deburr.\", \"name\": \"measure_brush_length\", \"required\": true, \"type\": \"choice\"}, {\"choices\": [\"Yes\", \"No\"], \"id\": 12, \"label\": \"Ensure WASH pump pressure is 28 +/- 5 PSI and RINSE pump pressure is 38 +/- 5 PSI. If pressure is low, engage maintenance to replace the cartridge filter. Record wash/rinse pressure.\", \"name\": \"pump_pressure_check\", \"required\": true, \"type\": \"choice\"}, {\"choices\": [\"Yes\", \"No\"], \"id\": 13, \"label\": \"Ensure the WASH solution is at the correct temperature 50\\u00b0C +/- 5\\u00b0C and RINSE at 40\\u00b0C +/- 5\\u00b0C. Record temperature on the process control sheet.\", \"name\": \"check_wash_rinse_temperature\", \"required\": true, \"type\": \"choice\"}, {\"choices\": [\"Yes\", \"No\"], \"id\": 14, \"label\": \"Change the RINSE pre-filter bag - 1-micron bag filter (EAM# 30945) once per day. Pull out the magnetic filter rod and clean any dirt using a rag.\", \"name\": \"change_rinse_pre_filter\", \"required\": true, \"type\": \"choice\"}, {\"choices\": [\"Yes\", \"No\"], \"id\": 15, \"label\": \"Change the WASH pre-filter bag - 5-micron bag filter (EAM# 30934) once per day. Pull out the magnetic filter rod and clean any dirt using a rag.\", \"name\": \"change_wash_pre_filter\", \"required\": true, \"type\": \"choice\"}, {\"choices\": [\"Yes\", \"No\"], \"id\": 16, \"label\": \"Use a water hose to rinse any residue from the WASH section and RINSE section.\", \"name\": \"rinse_wash_sections\", \"required\": true, \"type\": \"choice\"}, {\"choices\": [\"Yes\", \"No\"], \"id\": 17, \"label\": \"Clean WASH and RINSE mesh filters. Ensure they are free of dirt and debris.\", \"name\": \"clean_mesh_filters\", \"required\": true, \"type\": \"choice\"}, {\"choices\": [\"Yes\", \"No\"], \"id\": 18, \"label\": \"Change WASH and RINSE pump motor filters.\", \"name\": \"change_motor_filters\", \"required\": true, \"type\": \"choice\"}, {\"choices\": [\"Yes\", \"No\"], \"id\": 19, \"label\": \"Clean the blower air intake filter by taking off the cover and blowing the filter and sponge with air.\", \"name\": \"clean_blower_air_filter\", \"required\": true, \"type\": \"choice\"}, {\"choices\": [\"Yes\", \"No\"], \"id\": 20, \"label\": \"Ensure all VCI bags are in a blue chloroplast box and that the VCI sheets are inside a VCI bag. All blue chloroplast boxes should be in a green VCI bag to protect against sediment.\", \"name\": \"check_vci_bags\", \"required\": true, \"type\": \"choice\"}, {\"choices\": [\"Yes\", \"No\"], \"id\": 21, \"label\": \"Ensure trays are free of any debris and contamination. Follow procedure PM-0941-STD.\", \"name\": \"check_trays\", \"required\": true, \"type\": \"choice\"}, {\"choices\": [\"Yes\", \"No\"], \"id\": 22, \"label\": \"Clean the downdraft table of any loose debris.\", \"name\": \"clean_downdraft_table\", \"required\": true, \"type\": \"choice\"}]}',	'2024-12-11 20:11:41.326492',	'16',	1,	500,	'2024-12-16 20:20:59.044683',	1),
(4,	'Example - many question types',	'testing supported data types.',	'{\"questions\": [{\"id\": 1, \"name\": \"full_name\", \"label\": \"Full Name\", \"type\": \"text\", \"required\": true}, {\"id\": 3, \"name\": \"satisfaction\", \"label\": \"Are you satisfied with the service here?\", \"type\": \"choice\", \"choices\": [\"Yes\", \"No\"], \"required\": false}, {\"id\": 2, \"name\": \"age\", \"label\": \"Age\", \"type\": \"number\", \"required\": false}, {\"id\": 4, \"name\": \"skills\", \"label\": \"Select your skills\", \"type\": \"multi_choice\", \"choices\": [{\"value\": \"python\", \"label\": \"Python\"}, {\"value\": \"java\", \"label\": \"Java\"}], \"required\": false}, {\"id\": 5, \"name\": \"comments\", \"label\": \"Additional Comments\", \"type\": \"textarea\", \"required\": false}, {\"id\": 88, \"name\": \"satisfaction 2\", \"label\": \"wat color are your nails ?\", \"type\": \"choice\", \"choices\": [\"orange\", \"purple\", \"red\", \"green\"], \"required\": false}, {\"id\": 2, \"name\": \"part1\", \"label\": \"What part number are you auditing?\", \"type\": \"table_lookup\", \"choice_tbl_grouping\": \"part_num\", \"required\": false}, {\"id\": 8, \"name\": \"5ssss\", \"label\": \"What did you use in 5s today?\", \"type\": \"table_lookup\", \"choice_tbl_grouping\": \"5s\", \"required\": true}]}',	'2024-12-11 20:24:47.704967',	'Test',	1,	9999,	'2025-01-17 18:11:34.228106',	1),
(5,	'TPM 9000',	'The survey for TPM 9000.',	'{\"questions\": [{\"choices\": [\"Yes\", \"No\"], \"id\": 1, \"label\": \"Empty scrap bins and garbage. Clean all gauges and tables. Use lint-free towel and alcohol to wipe down all inspection tables.\", \"name\": \"empty_scrap_bins\", \"required\": true, \"type\": \"choice\"}, {\"choices\": [\"Yes\", \"No\"], \"id\": 2, \"label\": \"Ensure nothing is stored under tables except gauges and supplies needed. NO cardboard, boxes, files, etc. VCI paper must be kept in BLUE plastic box.\", \"name\": \"no_items_under_tables\", \"required\": true, \"type\": \"choice\"}, {\"choices\": [\"Yes\", \"No\"], \"id\": 3, \"label\": \"Is Safety Guarding in place, secure and unobstructed? Are electrical cabinets closed? Are machine windows (if applicable) secure?\", \"name\": \"safety_guarding_secure\", \"required\": true, \"type\": \"choice\"}, {\"choices\": [\"Yes\", \"No\"], \"id\": 4, \"label\": \"Are Door sensors functioning properly? (i.e., An open door prevents machine start-up)\", \"name\": \"door_sensors_functioning\", \"required\": true, \"type\": \"choice\"}, {\"choices\": [\"Yes\", \"No\"], \"id\": 5, \"label\": \"Are any leaks properly contained? If leak is present, has a Maintenance Work Order been created? Record Work Order number on back of sheet by end of shift.\", \"name\": \"leaks_contained\", \"required\": true, \"type\": \"choice\"}, {\"choices\": [\"Yes\", \"No\"], \"id\": 6, \"label\": \"Are E-Stops in proper working order?\", \"name\": \"e_stops_working\", \"required\": true, \"type\": \"choice\"}, {\"choices\": [\"Yes\", \"No\"], \"id\": 7, \"label\": \"Verify machine is free of obstruction to operate the control panel.\", \"name\": \"machine_obstruction_free\", \"required\": true, \"type\": \"choice\"}, {\"choices\": [\"Yes\", \"No\"], \"id\": 8, \"label\": \"Empty chip bin.\", \"name\": \"empty_chip_bin\", \"required\": true, \"type\": \"choice\"}, {\"choices\": [\"Yes\", \"No\"], \"id\": 9, \"label\": \"Clean / organize work station.\", \"name\": \"clean_work_station\", \"required\": true, \"type\": \"choice\"}, {\"choices\": [\"Yes\", \"No\"], \"id\": 10, \"label\": \"Clean floor under / around Chip bin.\", \"name\": \"clean_floor_around_chip_bin\", \"required\": true, \"type\": \"choice\"}, {\"choices\": [\"Yes\", \"No\"], \"id\": 11, \"label\": \"Verify lighting in area is adequate to work safely around / inside machine (if required).\", \"name\": \"adequate_lighting\", \"required\": true, \"type\": \"choice\"}, {\"choices\": [\"Yes\", \"No\"], \"id\": 12, \"label\": \"Check hydraulic oil level located at rear of machine. Notify supervisor if it is less than half full.\", \"name\": \"check_hydraulic_oil\", \"required\": true, \"type\": \"choice\"}, {\"choices\": [\"Yes\", \"No\"], \"id\": 13, \"label\": \"Check slideway lubricating oil level. Top up to max level with waylube #68 oil.\", \"name\": \"check_slideway_oil\", \"required\": true, \"type\": \"choice\"}, {\"choices\": [\"Yes\", \"No\"], \"id\": 14, \"label\": \"Change pre filter NMU3004X30DS (PMC#00342) once per week. LOCK OUT Chipblaster before changing filter.\", \"name\": \"change_pre_filter\", \"required\": true, \"type\": \"choice\"}, {\"choices\": [\"Yes\", \"No\"], \"id\": 15, \"label\": \"Change coolant filter bag PE25P2SH (PMC#00350) once per week. LOCK OUT Chipblaster before changing filter.\", \"name\": \"change_coolant_filter\", \"required\": true, \"type\": \"choice\"}, {\"choices\": [\"Yes\", \"No\"], \"id\": 16, \"label\": \"Confirmed throughout shift that no unidentified parts were observed within the workcell.\", \"name\": \"no_unidentified_parts\", \"required\": true, \"type\": \"choice\"}, {\"choices\": [\"Yes\", \"No\"], \"id\": 17, \"label\": \"Is any nonconforming product segregated from work in progress parts? (Ref. NCR Process PM-19-F-PRC)\", \"name\": \"segregate_nonconforming_product\", \"required\": true, \"type\": \"choice\"}, {\"choices\": [\"Yes\", \"No\"], \"id\": 18, \"label\": \"Is a standard scrap bin (red for scrap, yellow for suspect material to be reviewed) available and in use? All suspect product must be segregated in these bins.\", \"name\": \"standard_scrap_bin_in_use\", \"required\": true, \"type\": \"choice\"}, {\"choices\": [\"Yes\", \"No\"], \"id\": 19, \"label\": \"Appropriate First-Off is in place.\", \"name\": \"first_off_in_place\", \"required\": true, \"type\": \"choice\"}, {\"choices\": [\"Yes\", \"No\"], \"id\": 20, \"label\": \"All gauges present and in place.\", \"name\": \"gauges_present\", \"required\": true, \"type\": \"choice\"}, {\"choices\": [\"Yes\", \"No\"], \"id\": 21, \"label\": \"All required tools are in place.\", \"name\": \"tools_in_place\", \"required\": true, \"type\": \"choice\"}, {\"choices\": [\"Yes\", \"No\"], \"id\": 22, \"label\": \"All quality paperwork is present.\", \"name\": \"quality_paperwork_present\", \"required\": true, \"type\": \"choice\"}, {\"choices\": [\"Yes\", \"No\"], \"id\": 23, \"label\": \"Ensure all material / parts are identified.\", \"name\": \"materials_identified\", \"required\": true, \"type\": \"choice\"}, {\"choices\": [\"Yes\", \"No\"], \"id\": 24, \"label\": \"Check that the centre punch is present and functional.\", \"name\": \"centre_punch_functional\", \"required\": true, \"type\": \"choice\"}]}',	'2024-12-11 20:28:21.285899',	'21',	1,	500,	'2024-12-16 20:20:59.044683',	1),
(9,	'test lookup',	'16',	'[{\"id\": 1, \"name\": \"yes_no_question\", \"label\": \"Do you agree?\", \"type\": \"table_lookup\", \"choice_tbl_grouping\": \"yesorno\", \"required\": true}, {\"id\": 2, \"name\": \"part1\", \"label\": \"Part Number?\", \"type\": \"table_lookup\", \"choice_tbl_grouping\": \"part_num\", \"required\": true}, {\"id\": 3, \"name\": \"description\", \"label\": \"Provide a brief description\", \"type\": \"textarea\", \"required\": false}, {\"id\": 4, \"name\": \"rating\", \"label\": \"Rate the experience\", \"type\": \"number\", \"min\": 1, \"max\": 5, \"required\": true}, {\"id\": 5, \"name\": \"feedback\", \"label\": \"Select feedback category\", \"type\": \"choice\", \"choices\": [\"Positive\", \"Neutral\", \"Negative\"], \"required\": true}, {\"id\": 6, \"name\": \"multi_feedback\", \"label\": \"What areas need improvement?\", \"type\": \"multi_choice\", \"choices\": [{\"value\": \"delivery\", \"label\": \"Delivery\"}, {\"value\": \"support\", \"label\": \"Support\"}, {\"value\": \"product_quality\", \"label\": \"Product Quality\"}], \"required\": false}]',	'2024-12-19 15:25:44.208948',	'test',	1,	500,	'2025-01-16 15:52:20.147957',	1),
(10,	'Test 6760 P-Chart 200%',	'Defects found at 200% inspection',	'{\"questions\": [{\"id\": 1, \"name\": \"clock\", \"label\": \"What is your Clock Number (Employee Number)\", \"type\": \"text\", \"required\": true}, {\"id\": 2, \"name\": \"total\", \"label\": \"# total parts inspected\", \"type\": \"number\", \"required\": false}, {\"id\": 88, \"name\": \"part\", \"label\": \"What part type are you inspecting ?\", \"type\": \"choice\", \"choices\": [\"10R80 Gear\", \"GRx Spur\", \"GRx Helical\", \"10R60 Gear\", \"AB1V\"], \"required\": true}, {\"id\": 2, \"name\": \"chipteeth\", \"label\": \"# chipping: teeth\", \"type\": \"number\", \"required\": false}, {\"id\": 2, \"name\": \"damage\", \"label\": \"# damage: flanks & teeth\", \"type\": \"number\", \"required\": false}, {\"id\": 2, \"name\": \"nicks\", \"label\": \"# nicks & dings: tooth tip / od\", \"type\": \"number\", \"required\": false}, {\"id\": 2, \"name\": \"missed\", \"label\": \"# missed machining\", \"type\": \"number\", \"required\": false}, {\"id\": 2, \"name\": \"round gear\", \"label\": \"# round gear: GRx Helical and AB1V only\", \"type\": \"number\", \"required\": false}, {\"id\": 2, \"name\": \"contamination\", \"label\": \"# contamination: material on faces & teeth\", \"type\": \"number\", \"required\": false}, {\"id\": 2, \"name\": \"cracks\", \"label\": \"# cracks\", \"type\": \"number\", \"required\": false}, {\"id\": 2, \"name\": \"spline\", \"label\": \"# spline damage\", \"type\": \"number\", \"required\": false}, {\"id\": 2, \"name\": \"rust\", \"label\": \"# rust\", \"type\": \"number\", \"required\": false}, {\"id\": 2, \"name\": \"burrs\", \"label\": \"# burrs\", \"type\": \"number\", \"required\": false}, {\"id\": 2, \"name\": \"mixed\", \"label\": \"# mixed parts\", \"type\": \"number\", \"required\": false}, {\"id\": 2, \"name\": \"others\", \"label\": \"# other visual rejections\", \"type\": \"number\", \"required\": false}, {\"id\": 2, \"name\": \"scrap\", \"label\": \"# scrap from NDT passes\", \"type\": \"number\", \"required\": false}, {\"id\": 5, \"name\": \"comments\", \"label\": \"Additional Comments\", \"type\": \"textarea\", \"required\": false}]}',	'2025-01-13 15:17:38.720692',	'6760 NDT - 200%',	1,	500,	'2025-01-17 14:22:04.611889',	1),
(11,	'4545 Washer',	'',	'{\"questions\": [{\"choices\": [\"Yes\", \"No\"], \"id\": 1, \"label\": \"Is Safety Guarding in place, secure and unobstructed?\", \"name\": \"safety_guarding\", \"required\": true, \"type\": \"choice\"}, {\"choices\": [\"Yes\", \"No\"], \"id\": 2, \"label\": \"Are electrical cabinets closed?\", \"name\": \"electrical_cabinets\", \"required\": true, \"type\": \"choice\"}, {\"choices\": [\"Yes\", \"No\"], \"id\": 3, \"label\": \"Are machine windows (if applicable) secure?\", \"name\": \"machine_windows\", \"required\": true, \"type\": \"choice\"}, {\"choices\": [\"Yes\", \"No\"], \"id\": 4, \"label\": \"Empty all scrap bins & garbage cans. Clean the entire cell floor.\", \"name\": \"scrap_bins\", \"required\": true, \"type\": \"choice\"}, {\"choices\": [\"Yes\", \"No\"], \"id\": 5, \"label\": \"Refill all min/max levels per inventory list, blue gloves, absorbent pads.\", \"name\": \"min_max_levels\", \"required\": true, \"type\": \"choice\"}, {\"choices\": [\"Yes\", \"No\"], \"id\": 6, \"label\": \"Are Door sensors functioning properly? (i.e. An open door prevents machine start-up)\", \"name\": \"door_sensors\", \"required\": true, \"type\": \"choice\"}, {\"choices\": [\"Yes\", \"No\"], \"id\": 7, \"label\": \"Lock Out placards are posted on machine & visible?\", \"name\": \"lock_out_placards\", \"required\": true, \"type\": \"choice\"}, {\"choices\": [\"Yes\", \"No\"], \"id\": 8, \"label\": \"Wipe down 5150 grinder, front, sides and back. Wipe down 4400 deburr, inside of windows to be done during downtime.\", \"name\": \"wipe_down\", \"required\": true, \"type\": \"choice\"}, {\"choices\": [\"Yes\", \"No\"], \"id\": 9, \"label\": \"Clean workbench, items in designated location. Replenish all supplies, no stacked or unidentified parts.\", \"name\": \"clean_workbench\", \"required\": true, \"type\": \"choice\"}, {\"choices\": [\"Yes\", \"No\"], \"id\": 10, \"label\": \"Are leaks contained? If present, has a Work Order (WO) been created? Record WO# on back of sheet by end of shift.\", \"name\": \"leaks_contained\", \"required\": true, \"type\": \"choice\"}, {\"choices\": [\"Yes\", \"No\"], \"id\": 11, \"label\": \"Does the 5150 infeed conveyor need alignment? If yes, contact Team Leader or Supervisor.\", \"name\": \"conveyor_alignment\", \"required\": true, \"type\": \"choice\"}, {\"choices\": [\"Yes\", \"No\"], \"id\": 12, \"label\": \"Check nests on carriers rotate freely, no excessive wear to carriers. All screws are present.\", \"name\": \"nest_carriers\", \"required\": true, \"type\": \"choice\"}, {\"choices\": [\"Yes\", \"No\"], \"id\": 13, \"label\": \"Ensure the bottom grind wheel position is set correctly at the start of shift & after dressing wheels (30-80 microns above flush from table) as per specific part being run. Record the position.\", \"name\": \"grind_wheel_position\", \"required\": true, \"type\": \"choice\"}, {\"choices\": [\"Yes\", \"No\"], \"id\": 14, \"label\": \"Check conveyors are in proper working order and free of any damage. If damaged, has a Work Order been created? Record WO# on back of sheet by end of shift.\", \"name\": \"conveyor_condition\", \"required\": true, \"type\": \"choice\"}, {\"choices\": [\"Yes\", \"No\"], \"id\": 15, \"label\": \"Verify the CNC settings are correct (see PM-0831-STD).\", \"name\": \"cnc_settings\", \"required\": true, \"type\": \"choice\"}, {\"choices\": [\"Yes\", \"No\"], \"id\": 16, \"label\": \"Check hydraulic oil level for the Dress arm - fill if low.\", \"name\": \"hydraulic_oil_level\", \"required\": true, \"type\": \"choice\"}, {\"choices\": [\"Yes\", \"No\"], \"id\": 17, \"label\": \"Check that the base plate on the transfer robot is firmly attached and escapement arm bearings are tight.\", \"name\": \"robot_base_plate\", \"required\": true, \"type\": \"choice\"}, {\"choices\": [\"Yes\", \"No\"], \"id\": 18, \"label\": \"No unidentified parts are in the work cell. Nonconforming product segregated from work-in-progress parts? (Ref. NCR Process PM-19-F-PRC).\", \"name\": \"nonconforming_parts\", \"required\": true, \"type\": \"choice\"}, {\"choices\": [\"Yes\", \"No\"], \"id\": 19, \"label\": \"Is a standard scrap bin (red for scrap, yellow for suspect material to be reviewed) available and in use? All suspect product must be segregated in these bins.\", \"name\": \"scrap_bins\", \"required\": true, \"type\": \"choice\"}, {\"choices\": [\"Yes\", \"No\"], \"id\": 20, \"label\": \"Inspect CBN thickness on both grinding wheels, verify that grooves are present. Inform T/L or Supervisor if worn.\", \"name\": \"cbn_thickness\", \"required\": true, \"type\": \"choice\"}, {\"choices\": [\"Yes\", \"No\"], \"id\": 21, \"label\": \"Verify gauges are current, up to date & damage-free.\", \"name\": \"gauges_check\", \"required\": true, \"type\": \"choice\"}, {\"choices\": [\"Yes\", \"No\"], \"id\": 22, \"label\": \"Ensure first off is completed & approved by Team Leader, Supervisor, and/or QA.\", \"name\": \"first_off_completed\", \"required\": true, \"type\": \"choice\"}, {\"choices\": [\"Yes\", \"No\"], \"id\": 23, \"label\": \"Verify that Binders, SWIs, Process Check Sheets, and Standard Work Instructions are available.\", \"name\": \"documentation_availability\", \"required\": true, \"type\": \"choice\"}]}',	'2025-01-17 18:14:49.437734',	'6760 NDT Cell 97',	1,	500,	'2025-01-17 18:14:49.437693',	1);

-- 2025-01-19 23:56:07
